rho,L,R,G
0.001,0.10008253082271855,0.10007757264189303,0.10005515797198551
0.002,0.10016520713030466,0.10015527366606904,0.10011039440868977
0.003,0.10024802932456878,0.10023310340496583,0.10016570949688222
0.004,0.10033099780884426,0.10031106219220134,0.10022110342396248
0.005,0.10041411298799471,0.10038915036257891,0.10027657637796315
0.006,0.10049737526842142,0.10046736825209276,0.10033212854755265
0.007,0.10058078505807072,0.10054571619793334,0.10038776012203782
0.008,0.10066434276644154,0.10062419453849274,0.10044347129136699
0.009000000000000001,0.10074804880459304,0.10070280361337011,0.10049926224613268
0.010000000000000002,0.10083190358515201,0.10078154376337728,0.10055513317757428
0.011,0.10091590752232062,0.10086041533054424,0.10061108427758124
0.012,0.10100006103188404,0.10093941865812457,0.1006671157386957
0.013000000000000001,0.10108436453121826,0.1010185540906012,0.10072322775411541
0.014000000000000002,0.10116881843929769,0.10109782197369183,0.10077942051769671
0.015,0.10125342317670309,0.10117722265435468,0.10083569422395737
0.016,0.10133817916562944,0.10125675648079432,0.10089204906807961
0.017,0.10142308682989375,0.1013364238024671,0.10094848524591292
0.018000000000000002,0.10150814659494305,0.10141622497008704,0.1010050029539772
0.019000000000000003,0.10159335888786256,0.10149616033563155,0.10106160238946559
0.02,0.10167872413738337,0.10157623025234713,0.1011182837502475
0.021,0.1017642427738908,0.10165643507475568,0.10117504723487176
0.022000000000000002,0.10184991522943267,0.10173677515865963,0.10123189304256944
0.023,0.1019357419377271,0.10181725086114851,0.10128882137325709
0.024,0.10202172333417106,0.1018978625406044,0.10134583242753965
0.025,0.10210785985584861,0.10197861055670829,0.1014029264067137
0.026000000000000002,0.10219415194153905,0.10205949527044571,0.10146010351277031
0.027000000000000003,0.1022806000317257,0.10214051704411309,0.10151736394839851
0.028,0.1023672045686039,0.10222167624132363,0.10157470791698808
0.029,0.10245396599608984,0.10230297322701343,0.10163213562263294
0.030000000000000002,0.10254088475982884,0.10238440836744775,0.10168964727013419
0.031,0.10262796130720425,0.10246598203022701,0.10174724306500334
0.032,0.10271519608734583,0.1025476945842931,0.1018049232134655
0.033,0.10280258955113859,0.10262954639993559,0.10186268792246264
0.034,0.10289014215123142,0.10271153784879804,0.10192053739965681
0.035,0.10297785434204608,0.10279366930388432,0.10197847185343333
0.036000000000000004,0.10306572657978598,0.1028759411395649,0.10203649149290421
0.037000000000000005,0.10315375932244499,0.10295835373158321,0.10209459652791136
0.038,0.10324195302981656,0.10304090745706222,0.10215278716902984
0.039,0.10333030816350262,0.10312360269451076,0.10221106362757133
0.04,0.10341882518692286,0.10320643982383004,0.10226942611558737
0.041,0.10350750456532361,0.10328941922632019,0.10232787484587279
0.042,0.1035963467657871,0.10337254128468686,0.1023864100319691
0.043000000000000003,0.10368535225724092,0.10345580638304776,0.10244503188816785
0.044000000000000004,0.1037745215104671,0.10353921490693943,0.10250374062951406
0.045,0.1038638549981114,0.10362276724332381,0.10256253647180974
0.046,0.10395335319469301,0.10370646378059495,0.1026214196316173
0.047,0.10404301657661376,0.10379030490858579,0.10268039032626299
0.048,0.10413284562216797,0.10387429101857516,0.10273944877384053
0.049,0.10422284081155152,0.1039584225032942,0.1027985951932145
0.05,0.10431300262687224,0.10404269975693363,0.10285782980402398
0.051000000000000004,0.10440333155215877,0.10412712317515047,0.10291715282668606
0.052000000000000005,0.10449382807337117,0.10421169315507506,0.10297656448239949
0.053000000000000005,0.10458449267841,0.10429641009531801,0.1030360649931481
0.054,0.10467532585712687,0.1043812743959773,0.10309565458170476
0.055,0.10476632810133402,0.10446628645864543,0.10315533347163476
0.056,0.1048574999048141,0.10455144668641611,0.10321510188729942
0.057,0.10494884176333118,0.10463675548389215,0.10327496005386014
0.058,0.10504035417463968,0.10472221325719196,0.10333490819728164
0.059000000000000004,0.10513203763849566,0.10480782041395731,0.10339494654433615
0.060000000000000005,0.10522389265666618,0.10489357736336014,0.10345507532260675
0.061,0.10531591973294042,0.10497948451611055,0.10351529476049144
0.062,0.10540811937313944,0.1050655422844633,0.10357560508720683
0.063,0.10550049208512709,0.10515175108222607,0.10363600653279188
0.064,0.10559303837882045,0.10523811132476643,0.10369649932811188
0.065,0.10568575876620005,0.10532462342901935,0.10375708370486227
0.066,0.10577865376132124,0.105411287813495,0.10381775989557235
0.067,0.10587172388032416,0.10549810489828625,0.10387852813360952
0.068,0.10596496964144504,0.10558507510507595,0.10393938865318293
0.069,0.10605839156502703,0.10567219885714525,0.1040003416893475
0.07,0.10615199017353084,0.10575947657938076,0.10406138747800796
0.07100000000000001,0.10624576599154613,0.10584690869828269,0.1041225262559228
0.07200000000000001,0.10633971954580212,0.10593449564197241,0.10418375826070829
0.07300000000000001,0.10643385136517916,0.10602223784020054,0.10424508373084253
0.074,0.10652816198071993,0.10611013572435461,0.10430650290566944
0.075,0.1066226519256403,0.10619818972746727,0.10436801602540303
0.076,0.10671732173534108,0.10628640028422406,0.10442962333113141
0.077,0.10681217194741933,0.10637476783097169,0.10449132506482081
0.078,0.10690720310168,0.10646329280572597,0.10455312146931998
0.079,0.10700241574014727,0.10655197564817999,0.10461501278836417
0.08,0.10709781040707614,0.10664081679971227,0.1046769992665795
0.081,0.10719338764896473,0.10672981670339528,0.10473908114948713
0.082,0.10728914801456517,0.10681897580400317,0.10480125868350737
0.083,0.10738509205489644,0.10690829454802087,0.10486353211596432
0.084,0.10748122032325569,0.1069977733836518,0.10492590169508981
0.085,0.10757753337523031,0.10708741276082652,0.10498836767002799
0.08600000000000001,0.10767403176871036,0.10717721313121156,0.10505093029083955
0.08700000000000001,0.10777071606390044,0.1072671749482175,0.10511358980850621
0.08800000000000001,0.10786758682333222,0.1073572986670077,0.10517634647493504
0.089,0.1079646446118764,0.10744758474450723,0.10523920054296294
0.09,0.10806188999675564,0.10753803363941111,0.10530215226636118
0.091,0.10815932354755664,0.10762864581219336,0.10536520189983971
0.092,0.1082569458362429,0.10771942172511578,0.10542834969905189
0.093,0.10835475743716742,0.10781036184223677,0.10549159592059887
0.094,0.10845275892708535,0.10790146662942007,0.10555494082203426
0.095,0.10855095088516678,0.10799273655434405,0.10561838466186875
0.096,0.10864933389300997,0.10808417208651047,0.10568192769957459
0.097,0.10874790853465385,0.10817577369725377,0.10574557019559042
0.098,0.10884667539659154,0.1082675418597498,0.10580931241132585
0.099,0.10894563506778329,0.10835947704902558,0.10587315460916617
0.1,0.10904478813966985,0.10845157974196798,0.10593709705247722
0.101,0.10914413520618557,0.10854385041733342,0.10600114000560996
0.10200000000000001,0.10924367686377234,0.10863628955575709,0.1060652837339054
0.10300000000000001,0.10934341371139256,0.10872889763976214,0.10612952850369937
0.10400000000000001,0.10944334635054292,0.10882167515376953,0.10619387458232746
0.10500000000000001,0.10954347538526824,0.10891462258410721,0.10625832223812971
0.106,0.10964380142217524,0.1090077404190201,0.1063228717404558
0.107,0.10974432507044624,0.10910102914867925,0.10638752335966974
0.108,0.10984504694185318,0.1091944892651918,0.10645227736715493
0.109,0.10994596765077184,0.10928812126261091,0.10651713403531936
0.11,0.1100470878141959,0.10938192563694508,0.10658209363760024
0.111,0.11014840805175097,0.10947590288616868,0.10664715644846935
0.112,0.11024992898570934,0.1095700535102312,0.10671232274343817
0.113,0.11035165124100427,0.10966437801106786,0.10677759279906278
0.114,0.11045357544524413,0.10975887689260935,0.10684296689294924
0.115,0.11055570222872775,0.10985355066079193,0.10690844530375862
0.116,0.11065803222445855,0.10994839982356773,0.10697402831121224
0.117,0.1107605660681597,0.1100434248909151,0.10703971619609712
0.11800000000000001,0.11086330439828887,0.11013862637484857,0.10710550924027092
0.11900000000000001,0.11096624785605314,0.11023400478942977,0.10717140772666754
0.12000000000000001,0.11106939708542467,0.11032956065077722,0.10723741193930235
0.121,0.1111727527331554,0.11042529447707745,0.1073035221632776
0.122,0.1112763154487924,0.11052120678859519,0.1073697386847878
0.123,0.11138008588469359,0.11061729810768409,0.10743606179112519
0.124,0.1114840646960431,0.11071356895879757,0.10750249177068529
0.125,0.11158825254086704,0.11081001986849938,0.10756902891297222
0.126,0.11169265008004907,0.11090665136547466,0.10763567350860455
0.127,0.11179725797734615,0.11100346398054058,0.10770242584932051
0.128,0.1119020768994051,0.11110045824665758,0.10776928622798398
0.129,0.11200710751577786,0.11119763469894026,0.10783625493858989
0.13,0.11211235049893838,0.11129499387466857,0.10790333227626994
0.131,0.11221780652429839,0.111392536313299,0.10797051853729853
0.132,0.1123234762702242,0.11149026255647562,0.10803781401909816
0.133,0.11242936041805271,0.11158817314804179,0.10810521902024559
0.134,0.11253545965210865,0.11168626863405132,0.1081727338404774
0.135,0.11264177465972088,0.11178454956277992,0.10824035878069597
0.136,0.11274830613123932,0.11188301648473666,0.10830809414297543
0.137,0.11285505476005209,0.11198166995267597,0.10837594023056753
0.138,0.11296202124260245,0.11208051052160896,0.10844389734790758
0.139,0.11306920627840586,0.11217953874881528,0.10851196580062053
0.14,0.11317661057006766,0.11227875519385505,0.10858014589552709
0.14100000000000001,0.11328423482330019,0.11237816041858072,0.10864843794064961
0.14200000000000002,0.11339207974694046,0.11247775498714885,0.10871684224521844
0.14300000000000002,0.11350014605296796,0.11257753946603252,0.10878535911967796
0.14400000000000002,0.11360843445652218,0.11267751442403338,0.10885398887569282
0.14500000000000002,0.1137169456759207,0.11277768043229375,0.10892273182615417
0.146,0.11382568043267738,0.11287803806430877,0.108991588285186
0.147,0.1139346394515202,0.1129785878959394,0.10906055856815142
0.148,0.11404382346040975,0.11307933050542408,0.10912964299165898
0.149,0.11415323319055774,0.11318026647339186,0.10919884187356921
0.15,0.11426286937644546,0.11328139638287471,0.10926815553300091
0.151,0.11437273275584228,0.11338272081932038,0.10933758429033776
0.152,0.11448282406982487,0.11348424037060506,0.10940712846723477
0.153,0.1145931440627957,0.11358595562704628,0.10947678838662486
0.154,0.11470369348250244,0.1136878671814159,0.10954656437272557
0.155,0.11481447308005709,0.11378997562895322,0.10961645675104552
0.156,0.11492548360995529,0.11389228156737777,0.10968646584839135
0.157,0.1150367258300957,0.11399478559690283,0.10975659199287416
0.158,0.11514820050179983,0.11409748832024859,0.10982683551391664
0.159,0.11525990838983174,0.11420039034265551,0.10989719674225959
0.16,0.11537185026241761,0.11430349227189796,0.10996767600996896
0.161,0.11548402689126637,0.11440679471829736,0.11003827365044273
0.162,0.11559643905158942,0.11451029829473626,0.11010898999841785
0.163,0.11570908752212103,0.1146140036166717,0.11017982538997725
0.164,0.11582197308513897,0.11471791130214926,0.1102507801625569
0.165,0.11593509652648497,0.11482202197181696,0.11032185465495292
0.166,0.11604845863558531,0.11492633624893912,0.1103930492073286
0.167,0.11616206020547232,0.11503085475941043,0.1104643641612218
0.168,0.11627590203280465,0.11513557813177024,0.11053579985955198
0.169,0.11638998491788902,0.11524050699721688,0.11060735664662764
0.17,0.11650430966470142,0.11534564198962188,0.11067903486815353
0.171,0.11661887708090853,0.11545098374554444,0.11075083487123802
0.17200000000000001,0.11673368797788942,0.11555653290424599,0.11082275700440067
0.17300000000000001,0.11684874317075751,0.11566229010770511,0.11089480161757959
0.17400000000000002,0.11696404347838225,0.11576825600063179,0.11096696906213886
0.17500000000000002,0.11707958972341154,0.11587443123048262,0.11103925969087639
0.17600000000000002,0.11719538273229374,0.11598081644747572,0.11111167385803117
0.177,0.11731142333530037,0.11608741230460562,0.11118421191929131
0.178,0.1174277123665486,0.11619421945765851,0.11125687423180149
0.179,0.11754425066402412,0.11630123856522745,0.11132966115417084
0.18,0.11766103906960367,0.11640847028872771,0.11140257304648069
0.181,0.11777807842907888,0.1165159152924124,0.11147561027029264
0.182,0.11789536959217865,0.1166235742433876,0.1115487731886562
0.183,0.1180129134125934,0.1167314478116284,0.11162206216611702
0.184,0.11813071074799827,0.1168395366699946,0.11169547756872471
0.185,0.11824876246007679,0.1169478414942463,0.11176901976404112
0.186,0.11836706941454522,0.11705636296306031,0.1118426891211483
0.187,0.1184856324811763,0.11716510175804577,0.11191648601065687
0.188,0.11860445253382379,0.11727405856376066,0.11199041080471411
0.189,0.1187235304504468,0.11738323406772812,0.11206446387701233
0.19,0.11884286711313445,0.11749262896045244,0.11213864560279722
0.191,0.11896246340813108,0.117602243935436,0.11221295635887625
0.192,0.11908232022586063,0.11771207968919585,0.11228739652362721
0.193,0.11920243846095246,0.1178221369212802,0.1123619664770066
0.194,0.11932281901226632,0.1179324163342855,0.11243666660055833
0.195,0.11944346278291813,0.11804291863387342,0.11251149727742231
0.196,0.11956437068030559,0.11815364452878768,0.11258645889234313
0.197,0.11968554361613437,0.11826459473087153,0.11266155183167892
0.198,0.11980698250644423,0.11837576995508484,0.11273677648340995
0.199,0.11992868827163512,0.11848717091952178,0.11281213323714778
0.2,0.12005066183649386,0.1185987983454283,0.11288762248414401
0.201,0.12017290413022101,0.1187106529572194,0.1129632446172993
0.202,0.12029541608645762,0.11882273548249762,0.11303900003117247
0.203,0.12041819864331244,0.11893504665207043,0.11311488912198958
0.20400000000000001,0.12054125274338928,0.11904758719996843,0.11319091228765316
0.20500000000000002,0.12066457933381453,0.11916035786346355,0.11326706992775142
0.20600000000000002,0.1207881793662648,0.11927335938308732,0.11334336244356748
0.20700000000000002,0.12091205379699514,0.11938659250264924,0.11341979023808892
0.20800000000000002,0.12103620358686701,0.11950005796925543,0.11349635371601703
0.20900000000000002,0.12116062970137657,0.11961375653332687,0.11357305328377643
0.21,0.12128533311068358,0.11972768894861906,0.11364988934952452
0.211,0.12141031478963991,0.11984185597224004,0.11372686232316127
0.212,0.12153557571781878,0.11995625836466994,0.1138039726163387
0.213,0.12166111687954376,0.12007089688978007,0.11388122064247086
0.214,0.12178693926391845,0.12018577231485222,0.11395860681674354
0.215,0.12191304386485621,0.1203008854105981,0.11403613155612402
0.216,0.12203943168110974,0.12041623695117894,0.11411379527937145
0.217,0.12216610371630161,0.12053182771422544,0.11419159840704642
0.218,0.12229306097895443,0.12064765848085704,0.11426954136152137
0.219,0.12242030448252136,0.12076373003570272,0.11434762456699063
0.22,0.12254783524541711,0.12088004316692046,0.11442584844948063
0.221,0.12267565429104908,0.12099659866621795,0.11450421343686035
0.222,0.12280376264784831,0.12111339732887286,0.11458271995885161
0.223,0.12293216134930154,0.1212304399537533,0.11466136844703953
0.224,0.12306085143398257,0.12134772734333882,0.11474015933488303
0.225,0.12318983394558426,0.12146526030374104,0.1148190930577256
0.226,0.12331910993295131,0.12158303964472475,0.11489817005280568
0.227,0.12344868045011217,0.12170106617972905,0.11497739075926773
0.228,0.12357854655631231,0.1218193407258887,0.11505675561817287
0.229,0.12370870931604697,0.12193786410405529,0.11513626507250975
0.23,0.12383916979909448,0.12205663713881947,0.1152159195672058
0.231,0.12396992908054988,0.12217566065853205,0.11529571954913789
0.232,0.12410098824085866,0.12229493549532632,0.11537566546714374
0.233,0.12423234836585087,0.12241446248514003,0.11545575777203311
0.234,0.12436401054677544,0.12253424246773743,0.11553599691659902
0.23500000000000001,0.1244959758803347,0.12265427628673199,0.11561638335562918
0.23600000000000002,0.12462824546871934,0.1227745647896087,0.11569691754591727
0.23700000000000002,0.12476082041964345,0.12289510882774697,0.11577759994627483
0.23800000000000002,0.1248937018463803,0.12301590925644323,0.11585843101754255
0.23900000000000002,0.12502689086779717,0.12313696693493417,0.11593941122260204
0.24000000000000002,0.12516038860839251,0.12325828272641999,0.11602054102638776
0.241,0.12529419619833115,0.12337985749808751,0.11610182089589875
0.242,0.1254283147734812,0.12350169212113413,0.11618325130021058
0.243,0.1255627454754513,0.12362378747079099,0.1162648327104875
0.244,0.12569748945162695,0.1237461444263474,0.11634656559999441
0.245,0.12583254785520864,0.12386876387117436,0.11642845044410918
0.246,0.12596792184524894,0.1239916466927492,0.11651048772033488
0.247,0.12610361258669117,0.12411479378267978,0.11659267790831228
0.248,0.12623962125040702,0.12423820603672917,0.11667502148983216
0.249,0.12637594901323546,0.12436188435484025,0.11675751894884799
0.25,0.12651259705802204,0.12448582964116081,0.11684017077148862
0.251,0.12664956657365734,0.12461004280406851,0.11692297744607083
0.252,0.126786858755117,0.12473452475619638,0.11700593946311248
0.253,0.12692447480350164,0.12485927641445795,0.1170890573153451
0.254,0.12706241592607673,0.12498429870007344,0.11717233149772717
0.255,0.12720068333631318,0.1251095925385951,0.11725576250745713
0.256,0.12733927825392835,0.12523515885993355,0.11733935084398665
0.257,0.12747820190492695,0.12536099859838398,0.11742309700903392
0.258,0.1276174555216426,0.12548711269265256,0.117507001506597
0.259,0.1277570403427798,0.1256135020858829,0.11759106484296745
0.26,0.1278969576134557,0.12574016772568325,0.11767528752674385
0.261,0.12803720858524306,0.12586711056415303,0.1177596700688455
0.262,0.12817779451621264,0.12599433155791048,0.11784421298252626
0.263,0.12831871667097666,0.12612183166811997,0.11792891678338856
0.264,0.12845997632073228,0.1262496118605192,0.11801378198939716
0.265,0.12860157474330555,0.12637767310544795,0.11809880912089352
0.266,0.12874351322319533,0.12650601637787498,0.11818399870060983
0.267,0.12888579305161824,0.1266346426574272,0.11826935125368351
0.268,0.12902841552655356,0.1267635529284175,0.11835486730767146
0.269,0.12917138195278832,0.12689274817987395,0.11844054739256477
0.27,0.12931469364196332,0.12702222940556823,0.11852639204080323
0.271,0.12945835191261915,0.12715199760404483,0.11861240178729006
0.272,0.12960235809024245,0.12728205377865057,0.11869857716940702
0.273,0.12974671350731293,0.12741239893756395,0.11878491872702912
0.274,0.12989141950335037,0.1275430340938249,0.11887142700253976
0.275,0.1300364774249627,0.1276739602653648,0.11895810254084602
0.276,0.13018188862589342,0.1278051784750367,0.11904494588939389
0.277,0.13032765446707048,0.12793668975064573,0.11913195759818378
0.278,0.1304737763166548,0.1280684951249797,0.11921913821978597
0.279,0.1306202555500896,0.12820059563584016,0.11930648830935636
0.28,0.13076709355015004,0.1283329923260733,0.11939400842465216
0.281,0.13091429170699312,0.1284656862436014,0.11948169912604782
0.28200000000000003,0.1310618514182082,0.1285986784414546,0.1195695609765511
0.28300000000000003,0.1312097740888681,0.1287319699778024,0.11965759454181912
0.28400000000000003,0.1313580611315798,0.12886556191598608,0.11974580039017474
0.28500000000000003,0.13150671396653696,0.1289994553245509,0.11983417909262283
0.28600000000000003,0.13165573402157127,0.12913365127727844,0.11992273122286677
0.28700000000000003,0.13180512273220574,0.12926815085321974,0.12001145735732521
0.28800000000000003,0.1319548815417073,0.12940295513672836,0.12010035807514878
0.28900000000000003,0.13210501190114046,0.1295380652174935,0.12018943395823684
0.29,0.13225551526942114,0.12967348219057356,0.12027868559125468
0.291,0.1324063931133712,0.12980920715643038,0.12036811356165067
0.292,0.13255764690777316,0.12994524122096288,0.12045771845967332
0.293,0.13270927813542574,0.13008158549554155,0.12054750087838897
0.294,0.13286128828719915,0.1302182410970433,0.12063746141369917
0.295,0.1330136788620921,0.130355209147886,0.12072760066435835
0.296,0.13316645136728777,0.13049249077606406,0.12081791923199178
0.297,0.1333196073182116,0.1306300871151834,0.12090841772111334
0.298,0.1334731482385887,0.13076799930449745,0.12099909673914377
0.299,0.13362707566050222,0.13090622848894326,0.12108995689642876
0.3,0.1337813911244518,0.1310447758191773,0.12118099880625754
0.301,0.13393609617941327,0.13118364245161243,0.12127222308488111
0.302,0.13409119238289777,0.1313228295484547,0.12136363035153114
0.303,0.13424668130101233,0.13146233827774037,0.12145522122843865
0.304,0.13440256450852064,0.1316021698133732,0.12154699634085304
0.305,0.13455884358890421,0.13174232533516236,0.12163895631706109
0.306,0.13471552013442417,0.1318828060288604,0.12173110178840638
0.307,0.13487259574618363,0.1320236130862015,0.12182343338930844
0.308,0.13503007203419057,0.13216474770494013,0.12191595175728259
0.309,0.13518795061742148,0.13230621108888985,0.1220086575329594
0.31,0.13534623312388486,0.13244800444796265,0.12210155136010475
0.311,0.135504921190686,0.1325901289982084,0.12219463388563964
0.312,0.1356640164640924,0.1327325859618547,0.12228790575966064
0.313,0.1358235205995988,0.132875376567347,0.12238136763545988
0.314,0.135983435261994,0.13301850204938925,0.12247502016954598
0.315,0.1361437621254273,0.13316196364898436,0.12256886402166421
0.316,0.13630450287347629,0.13330576261347568,0.12266289985481774
0.317,0.1364656591992143,0.1334499001965882,0.12275712833528846
0.318,0.13662723280527964,0.13359437765847043,0.12285155013265803
0.319,0.13678922540394423,0.13373919626573647,0.1229461659198294
0.32,0.13695163871718388,0.13388435729150835,0.12304097637304824
0.321,0.13711447447674838,0.1340298620154593,0.12313598217192452
0.322,0.13727773442423294,0.1341757117238561,0.12323118399945435
0.323,0.13744142031114936,0.13432190770960312,0.12332658254204229
0.324,0.13760553389899902,0.1344684512722861,0.12342217848952315
0.325,0.13777007695934518,0.13461534371821618,0.12351797253518457
0.326,0.13793505127388717,0.13476258636047442,0.12361396537578946
0.327,0.1381004586345343,0.1349101805189569,0.12371015771159892
0.328,0.13826630084348102,0.1350581275204197,0.123806550246395
0.329,0.13843257971328252,0.13520642869852484,0.12390314368750391
0.33,0.13859929706693075,0.1353550853938859,0.12399993874581908
0.331,0.13876645473793212,0.13550409895411494,0.124096936135825
0.332,0.13893405457038419,0.13565347073386855,0.12419413657562056
0.333,0.13910209841905494,0.13580320209489566,0.12429154078694314
0.334,0.13927058814946147,0.1359532944060846,0.12438914949519263
0.335,0.13943952563794967,0.13610374904351114,0.12448696342945549
0.336,0.13960891277177506,0.13625456739048686,0.12458498332252944
0.337,0.13977875144918406,0.13640575083760778,0.12468320991094813
0.338,0.13994904357949553,0.13655730078280348,0.12478164393500568
0.339,0.1401197910831842,0.13670921863138652,0.12488028613878215
0.34,0.14029099589196364,0.13686150579610262,0.12497913727016861
0.341,0.14046265994887097,0.1370141636971804,0.12507819808089243
0.342,0.1406347852083513,0.13716719376238282,0.1251774693265434
0.343,0.14080737363634419,0.1373205974270579,0.12527695176659923
0.34400000000000003,0.1409804272103701,0.13747437613419033,0.12537664616445188
0.34500000000000003,0.14115394791961755,0.1376285313344537,0.12547655328743396
0.34600000000000003,0.14132793776503144,0.1377830644862626,0.12557667390684493
0.34700000000000003,0.1415023987594023,0.13793797705582583,0.12567700879797822
0.34800000000000003,0.14167733292745582,0.13809327051719952,0.12577755874014815
0.34900000000000003,0.14185274230594405,0.13824894635234097,0.12587832451671704
0.35000000000000003,0.1420286289437363,0.13840500605116277,0.12597930691512277
0.35100000000000003,0.14220499490191188,0.13856145111158769,0.1260805067269063
0.35200000000000004,0.14238184225385334,0.1387182830396036,0.12618192474773984
0.353,0.14255917308534047,0.13887550334931895,0.12628356177745484
0.354,0.14273698949464564,0.1390331135630192,0.12638541862007022
0.355,0.14291529359262894,0.1391911152112231,0.12648749608382134
0.356,0.1430940875028358,0.1393495098327398,0.12658979498118855
0.357,0.14327337336159443,0.13950829897472614,0.1266923161289265
0.358,0.14345315331811404,0.13966748419274477,0.12679506034809343
0.359,0.14363342953458455,0.13982706705082282,0.12689802846408071
0.36,0.14381420418627766,0.13998704912151047,0.12700122130664276
0.361,0.14399547946164756,0.1401474319859408,0.12710463970992714
0.362,0.1441772575624335,0.1403082172338893,0.127208284512505
0.363,0.14435954070376347,0.14046940646383493,0.12731215655740155
0.364,0.14454233111425813,0.14063100128302078,0.12741625669212708
0.365,0.14472563103613661,0.1407930033075154,0.1275205857687081
0.366,0.14490944272532236,0.14095541416227544,0.12762514464371863
0.367,0.14509376845155095,0.14111823548120753,0.1277299341783121
0.368,0.14527861049847815,0.1412814689072322,0.12783495523825314
0.369,0.14546397116378956,0.1414451160923467,0.12794020869394987
0.37,0.14564985275931105,0.14160917869768996,0.12804569542048644
0.371,0.14583625761112035,0.14177365839360687,0.12815141629765597
0.372,0.14602318805965941,0.14193855685971374,0.12825737220999323
0.373,0.1462106464598486,0.14210387578496433,0.12836356404680851
0.374,0.14639863518120122,0.14226961686771636,0.1284699927022209
0.375,0.14658715660793917,0.14243578181579822,0.12857665907519245
0.376,0.14677621313911057,0.14260237234657683,0.12868356406956238
0.377,0.14696580718870778,0.14276939018702609,0.12879070859408157
0.378,0.14715594118578643,0.14293683707379526,0.12889809356244755
0.379,0.14734661757458598,0.14310471475327852,0.12900571989333948
0.38,0.14753783881465207,0.14327302498168526,0.12911358851045376
0.381,0.14772960738095847,0.14344176952511042,0.12922170034253969
0.382,0.14792192576403185,0.14361095015960607,0.12933005632343583
0.383,0.14811479647007667,0.14378056867125283,0.12943865739210608
0.384,0.14830822202110194,0.14395062685623278,0.1295475044926766
0.385,0.14850220495504898,0.14412112652090267,0.12965659857447281
0.386,0.14869674782592046,0.1442920694818673,0.12976594059205693
0.387,0.14889185320391055,0.14446345756605464,0.12987553150526554
0.388,0.14908752367553701,0.14463529261079044,0.1299853722792476
0.389,0.14928376184377357,0.1448075764638742,0.1300954638845032
0.39,0.1494805703281844,0.14498031098365555,0.13020580729692172
0.391,0.14967795176506,0.14515349803911182,0.13031640349782153
0.392,0.1498759088075535,0.1453271395099253,0.1304272534739891
0.393,0.15007444412581974,0.14550123728656214,0.13053835821771875
0.394,0.15027356040715453,0.14567579327035163,0.130649718726853
0.395,0.15047326035613548,0.14585080937356587,0.13076133600482304
0.396,0.15067354669476526,0.1460262875195009,0.13087321106068944
0.397,0.150874422162615,0.14620222964255758,0.13098534490918373
0.398,0.15107588951697004,0.14637863768832407,0.13109773857074966
0.399,0.1512779515329764,0.14655551361365893,0.1312103930715855
0.4,0.15148061100378976,0.14673285938677402,0.13132330944368617
0.401,0.1516838707407248,0.14691067698731966,0.1314364887248863
0.402,0.15188773357340696,0.14708896840646923,0.13154993195890316
0.403,0.15209220234992515,0.14726773564700568,0.13166364019538032
0.404,0.1522972799369867,0.14744698072340767,0.1317776144899316
0.405,0.15250296922007275,0.1476267056619374,0.13189185590418542
0.406,0.15270927310359658,0.14780691250072867,0.13200636550582948
0.40700000000000003,0.15291619451106278,0.14798760328987656,0.13212114436865618
0.40800000000000003,0.15312373638522808,0.14816878009152668,0.13223619357260796
0.40900000000000003,0.15333190168826397,0.14835044497996622,0.13235151420382343
0.41000000000000003,0.15354069340192128,0.14853260004171584,0.1324671073546838
0.41100000000000003,0.15375011452769546,0.14871524737562153,0.13258297412385978
0.41200000000000003,0.15396016808699553,0.1488983890929484,0.13269911561635886
0.41300000000000003,0.15417085712131234,0.14908202731747458,0.13281553294357304
0.41400000000000003,0.15438218469239035,0.14926616418558628,0.1329322272233271
0.41500000000000004,0.15459415388240066,0.1494508018463739,0.13304919957992717
0.41600000000000004,0.1548067677941157,0.1496359424617286,0.13316645114420983
0.41700000000000004,0.155020029551086,0.14982158820643998,0.13328398305359163
0.418,0.15523394229781834,0.15000774126829497,0.13340179645211941
0.419,0.1554485091999567,0.15019440384817717,0.13351989249052032
0.42,0.15566373344446416,0.15038157816016734,0.13363827232625314
0.421,0.15587961823980723,0.15056926643164492,0.13375693712355957
0.422,0.15609616681614177,0.15075747090339015,0.1338758880535163
0.423,0.15631338242550122,0.1509461938296878,0.1339951262940873
0.424,0.15653126834198697,0.15113543747843108,0.1341146530301768
0.425,0.15674982786196023,0.15132520413122702,0.1342344694536828
0.426,0.1569690643042362,0.1515154960835031,0.13435457676355084
0.427,0.15718898101028048,0.15170631564461404,0.13447497616582865
0.428,0.15740958134440705,0.15189766513795036,0.13459566887372093
0.429,0.15763086869397921,0.1520895469010478,0.134716656107645
0.43,0.15785284646961198,0.15228196328569765,0.13483793909528677
0.431,0.15807551810537676,0.15247491665805782,0.1349595190716573
0.432,0.1582988870590088,0.15266840939876603,0.13508139727914997
0.433,0.1585229568121156,0.15286244390305279,0.13520357496759813
0.434,0.15874773087038935,0.15305702258085638,0.1353260533943332
0.435,0.1589732127638201,0.1532521478569384,0.13544883382424364
0.436,0.15919940604691213,0.15344782217100086,0.13557191752983422
0.437,0.15942631429890244,0.15364404797780415,0.135695305791286
0.438,0.1596539411239815,0.15384082774728608,0.13581899989651672
0.439,0.15988229015151625,0.15403816396468217,0.13594300114124205
0.44,0.1601113650362764,0.15423605913064714,0.13606731082903728
0.441,0.16034116945866214,0.1544345157613778,0.1361919302713995
0.442,0.16057170712493507,0.15463353638873653,0.1363168607878107
0.443,0.16080298176745117,0.1548331235603766,0.13644210370580123
0.444,0.16103499714489675,0.15503327983986792,0.13656766036101378
0.445,0.16126775704252697,0.15523400780682534,0.13669353209726862
0.446,0.1615012652724067,0.15543531005703684,0.1368197202666285
0.447,0.16173552567365435,0.15563718920259362,0.1369462262294652
0.448,0.16197054211268802,0.1558396478720215,0.13707305135452597
0.449,0.16220631848347525,0.15604268871041355,0.13720019701900105
0.45,0.16244285870778424,0.15624631437956343,0.13732766460859175
0.451,0.16268016673543922,0.15645052755810163,0.13745545551757907
0.452,0.16291824654457793,0.15665533094163103,0.1375835711488934
0.453,0.16315710214191184,0.15686072724286532,0.13771201291418447
0.454,0.16339673756298997,0.15706671919176815,0.1378407822338921
0.455,0.1636371568724652,0.15727330953569385,0.13796988053731798
0.456,0.16387836416436363,0.15748050103952926,0.13809930926269784
0.457,0.1641203635623573,0.15768829648583768,0.13822906985727437
0.458,0.16436315922003933,0.1578966986750031,0.13835916377737106
0.459,0.16460675532120309,0.1581057104253773,0.13848959248846676
0.46,0.16485115608012393,0.15831533457342722,0.13862035746527057
0.461,0.16509636574184428,0.15852557397388434,0.13875146019179832
0.462,0.1653423885824618,0.15873643149989586,0.13888290216144905
0.463,0.16558922890942154,0.15894791004317652,0.13901468487708257
0.464,0.16583689106181052,0.15916001251416276,0.139146809851098
0.465,0.1660853794106565,0.15937274184216838,0.13927927860551284
0.466,0.1663346983592296,0.1595861009755412,0.13941209267204271
0.467,0.16658485234334772,0.15980009288182206,0.13954525359218262
0.468,0.16683584583168548,0.16001472054790458,0.13967876291728815
0.46900000000000003,0.16708768332608698,0.1602299869801977,0.1398126222086582
0.47000000000000003,0.1673403693618813,0.16044589520478872,0.1399468330376182
0.47100000000000003,0.16759390850820266,0.1606624482676085,0.14008139698560435
0.47200000000000003,0.16784830536831424,0.16087964923459883,0.1402163156442485
0.47300000000000003,0.1681035645799349,0.16109750119188068,0.14035159061546446
0.47400000000000003,0.16835969081557106,0.1613160072459245,0.14048722351153448
0.47500000000000003,0.16861668878285105,0.1615351705237229,0.14062321595519728
0.47600000000000003,0.16887456322486466,0.16175499417296377,0.1407595695797364
0.47700000000000004,0.16913331892050587,0.16197548136220677,0.1408962860290702
0.47800000000000004,0.16939296068482024,0.1621966352810602,0.14103336695784208
0.47900000000000004,0.16965349336935576,0.16241845914036088,0.14117081403151213
0.48000000000000004,0.1699149218625182,0.16264095617235524,0.1413086289264496
0.481,0.17017725108993137,0.16286412963088231,0.14144681333002615
0.482,0.1704404860148001,0.16308798279155906,0.14158536894071064
0.483,0.17070463163827904,0.16331251895196727,0.14172429746816417
0.484,0.1709696929998453,0.16353774143184224,0.14186360063333678
0.485,0.17123567517767546,0.16376365357326444,0.14200328016856492
0.486,0.1715025832890273,0.1639902587408518,0.1421433378176698
0.487,0.17177042249062616,0.164217560321955,0.14228377533605716
0.488,0.1720391979790559,0.16444556172685457,0.14242459449081768
0.489,0.17230891499115414,0.1646742663889599,0.14256579706082903
0.49,0.1725795788044138,0.1649036777650108,0.14270738483685833
0.491,0.17285119473738744,0.16513379933528066,0.14284935962166645
0.492,0.17312376815009833,0.16536463460378212,0.14299172323011267
0.493,0.1733973044444551,0.165596187098475,0.1431344774892612
0.494,0.17367180906467303,0.16582846037147603,0.14327762423848825
0.495,0.17394728749769883,0.16606145799927144,0.14342116532959087
0.496,0.1742237452736421,0.16629518358293124,0.1435651026268963
0.497,0.17450118796621114,0.16652964074832635,0.14370943800737315
0.498,0.17477962119315468,0.1667648331463476,0.14385417336074333
0.499,0.17505905061670882,0.16700076445312734,0.14399931058959542
0.5,0.17533948194404958,0.16723743837026347,0.14414485160949925
0.501,0.1756209209277514,0.1674748586250458,0.14429079834912192
0.502,0.17590337336625048,0.16771302897068505,0.1444371527503447
0.503,0.17618684510431523,0.16795195318654402,0.14458391676838153
0.504,0.17647134203352127,0.16819163507837157,0.1447310923718988
0.505,0.17675687009273358,0.168432078478539,0.1448786815431364
0.506,0.1770434352685934,0.16867328724627934,0.14502668627803006
0.507,0.17733104359601312,0.16891526526792885,0.14517510858633534
0.508,0.17761970115867545,0.1691580164571713,0.14532395049175253
0.509,0.17790941408953986,0.1694015447552848,0.14547321403205335
0.51,0.1782001885713562,0.16964585413139224,0.145622901259209
0.511,0.17849203083718318,0.16989094858271314,0.14577301423951952
0.512,0.17878494717091478,0.1701368321348192,0.14592355505374474
0.513,0.17907894390781284,0.17038350884189263,0.14607452579723643
0.514,0.1793740274350471,0.17063098278698688,0.14622592858007252
0.515,0.1796702041922407,0.17087925808229093,0.1463777655271923
0.516,0.17996748067202478,0.17112833886939585,0.14653003877853332
0.517,0.18026586342059872,0.17137822931956495,0.14668275048916993
0.518,0.18056535903829768,0.17162893363400675,0.1468359028294534
0.519,0.18086597418016867,0.17188045604415084,0.14698949798515362
0.52,0.1811677155565528,0.17213280081192706,0.1471435381576021
0.521,0.18147058993367587,0.17238597223004762,0.14729802556383745
0.522,0.1817746041342466,0.17263997462229294,0.14745296243675154
0.523,0.1820797650380623,0.1728948123438,0.14760835102523817
0.524,0.18238607958262326,0.17315048978135453,0.14776419359434284
0.525,0.18269355476375393,0.1734070113536864,0.14792049242541452
0.526,0.18300219763623368,0.1736643815117679,0.14807724981625953
0.527,0.1833120153144356,0.17392260473911653,0.14823446808129648
0.528,0.1836230149729727,0.1741816855520999,0.1483921495517136
0.529,0.1839352038473539,0.17444162850024544,0.14855029657562777
0.53,0.18424858923464868,0.1747024381665526,0.14870891151824522
0.531,0.18456317849415957,0.1749641191678092,0.14886799676202442
0.532,0.18487897904810505,0.17522667615491158,0.14902755470684065
0.533,0.18519599838231007,0.17549011381318794,0.1491875877701526
0.534,0.18551424404690775,0.17575443686272588,0.14934809838717097
0.535,0.18583372365704853,0.1760196500587038,0.1495090890110293
0.536,0.18615444489362024,0.1762857581917254,0.1496705621129559
0.537,0.18647641550397792,0.17655276608815906,0.1498325201824493
0.538,0.18679964330268226,0.17682067861048112,0.14999496572745452
0.539,0.18712413617225,0.17708950065762177,0.15015790127454204
0.54,0.18744990206391307,0.1773592371653176,0.1503213293690889
0.541,0.1877769489983882,0.1776298931064653,0.15048525257546178
0.542,0.18810528506665858,0.17790147349148203,0.15064967347720243
0.543,0.1884349184307646,0.1781739833686689,0.15081459467721542
0.544,0.18876585732460563,0.17844742782457862,0.15098001879795786
0.545,0.18909811005475433,0.17872181198438816,0.1511459484816317
0.546,0.18943168500128066,0.17899714101227537,0.1513123863903785
0.547,0.18976659061858783,0.17927342011180022,0.15147933520647577
0.548,0.19010283543626025,0.17955065452629074,0.15164679763253708
0.549,0.19044042805992328,0.17982884953923342,0.15181477639171317
0.55,0.19077937717211424,0.1801080104746685,0.15198327422789668
0.551,0.19111969153316655,0.1803881426975898,0.15215229390592855
0.552,0.19146137998210563,0.18066925161434932,0.15232183821180764
0.553,0.19180445143755848,0.18095134267306717,0.15249190995290243
0.554,0.19214891489867428,0.18123442136404597,0.15266251195816566
0.555,0.19249477944606017,0.18151849322019079,0.1528336470783515
0.556,0.19284205424272882,0.18180356381743346,0.15300531818623547
0.557,0.19319074853505983,0.182089638775163,0.1531775281768371
0.558,0.19354087165377543,0.18237672375666064,0.15335027996764528
0.559,0.1938924330149293,0.18266482446954,0.15352357649884665
0.56,0.19424544212091063,0.1829539466661941,0.15369742073355672
0.561,0.19459990856146112,0.18324409614424567,0.15387181565805375
0.562,0.19495584201470872,0.18353527874700476,0.15404676428201608
0.5630000000000001,0.1953132522482139,0.18382750036393136,0.1542222696387617
0.5640000000000001,0.19567214912003356,0.18412076693110405,0.1543983347854918
0.5650000000000001,0.19603254257979838,0.18441508443169366,0.15457496280353647
0.5660000000000001,0.19639444266980702,0.18471045889644414,0.15475215679860424
0.5670000000000001,0.1967578595261363,0.1850068964041584,0.15492991990103458
0.5680000000000001,0.19712280337976676,0.18530440308219015,0.1551082552660534
0.5690000000000001,0.19748928455772596,0.1856029851069433,0.15528716607403223
0.5700000000000001,0.197857313484248,0.1859026487043756,0.15546665553075045
0.5710000000000001,0.19822690068194976,0.18620340015051048,0.15564672686766123
0.5720000000000001,0.19859805677302578,0.18650524577195401,0.15582738334216026
0.5730000000000001,0.1989707924804593,0.1868081919464197,0.15600862823785883
0.5740000000000001,0.19934511862925308,0.18711224510325788,0.15619046486485977
0.5750000000000001,0.19972104614767727,0.18741741172399476,0.1563728965600374
0.5760000000000001,0.2000985860685362,0.18772369834287547,0.15655592668732085
0.5770000000000001,0.20047774953045494,0.18803111154741617,0.15673955863798145
0.578,0.2008585477791846,0.18833965797896182,0.15692379583092333
0.579,0.20124099216892719,0.18864934433325187,0.1571086417129786
0.58,0.20162509416368107,0.1889601773609934,0.1572940997592057
0.581,0.20201086533860618,0.18927216386844037,0.15748017347319207
0.582,0.20239831738141115,0.18958531071798246,0.15766686638736113
0.583,0.20278746209376036,0.18989962482873907,0.15785418206328244
0.584,0.20317831139270306,0.19021511317716383,0.15804212409198706
0.585,0.20357087731212484,0.19053178279765395,0.15823069609428636
0.586,0.20396517200422024,0.19084964078317032,0.15841990172109535
0.587,0.20436120774099006,0.19116869428586322,0.1586097446537605
0.588,0.20475899691575944,0.1914889505177088,0.1588002286043918
0.589,0.2051585520447219,0.1918104167511517,0.15899135731619946
0.59,0.20555988576850487,0.19213310031975733,0.15918313456383476
0.591,0.2059630108537629,0.1924570086188723,0.15937556415373627
0.592,0.20636794019479177,0.1927821491062941,0.15956864992447997
0.593,0.20677468681517222,0.19310852930294908,0.15976239574713466
0.594,0.207183263869436,0.19343615679357962,0.1599568055256221
0.595,0.20759368464476036,0.19376503922744123,0.16015188319708232
0.596,0.20800596256268827,0.1940951843190073,0.1603476327322432
0.597,0.20842011118087683,0.19442659984868502,0.1605440581357961
0.598,0.20883614419487279,0.1947592936635399,0.16074116344677625
0.599,0.2092540754399169,0.1950932736780308,0.1609389527389481
0.6,0.20967391889277634,0.19542854787475353,0.16113743012119663
0.601,0.21009568867360834,0.19576512430519646,0.16133659973792372
0.602,0.2105193990478512,0.1961030110905047,0.16153646576945024
0.603,0.21094506442814878,0.1964422164222555,0.1617370324324235
0.604,0.2113726993763037,0.19678274856324401,0.1619383039802309
0.605,0.21180231860526363,0.19712461584827984,0.16214028470341896
0.606,0.21223393698113988,0.19746782668499488,0.16234297893011837
0.607,0.21266756952525806,0.19781238955466107,0.16254639102647536
0.608,0.21310323141624363,0.1981583130130211,0.1627505253970887
0.609,0.21354093799214088,0.19850560569112918,0.16295538648545338
0.61,0.21398070475256703,0.19885427629620397,0.16316097877441021
0.611,0.21442254736090197,0.1992043336124938,0.1633673067866024
0.612,0.21486648164651473,0.1995557865021531,0.16357437508493805
0.613,0.21531252360702582,0.19990864390613158,0.1637821882730598
0.614,0.21576068941060908,0.20026291484507586,0.16399075099582078
0.615,0.21621099539833055,0.20061860842024337,0.1642000679397682
0.616,0.216663458086527,0.2009757338144293,0.16441014383363312
0.617,0.21711809416922492,0.20133430029290722,0.16462098344882783
0.618,0.2175749205206004,0.2016943172043817,0.1648325915999504
0.619,0.21803395419747945,0.20205579398195567,0.16504497314529656
0.62,0.21849521244188264,0.2024187401441105,0.16525813298737907
0.621,0.2189587126836119,0.20278316529570123,0.16547207607345482
0.622,0.21942447254288136,0.20314907912896468,0.16568680739605987
0.623,0.2198925098329947,0.20351649142454328,0.16590233199355167
0.624,0.2203628425630664,0.2038854120525224,0.16611865495066036
0.625,0.22083548894079277,0.2042558509734833,0.16633578139904753
0.626,0.2213104673752673,0.2046278182395716,0.16655371651787376
0.627,0.2217877964798491,0.20500132399558,0.166772465534374
0.628,0.22226749507507734,0.20537637848004825,0.1669920337244426
0.629,0.2227495821916391,0.20575299202637748,0.16721242641322615
0.63,0.22323407707338883,0.2061311750639629,0.16743364897572574
0.631,0.2237209991804194,0.20651093811934024,0.1676557068374085
0.632,0.22421036819219023,0.20689229181735208,0.16787860547482802
0.633,0.22470220401070695,0.2072752468823285,0.16810235041625438
0.634,0.2251965267637611,0.2076598141392874,0.16832694724231387
0.635,0.22569335680822492,0.2080460045151515,0.16855240158663853
0.636,0.22619271473340652,0.20843382903998267,0.16877871913652537
0.637,0.22669462136446436,0.20882329884823692,0.1690059056336061
0.638,0.22719909776588365,0.20921442518003477,0.16923396687452694
0.639,0.22770616524501444,0.20960721938245436,0.16946290871163933
0.64,0.22821584535567488,0.21000169291084042,0.16969273705370058
0.641,0.22872815990181958,0.2103978573301357,0.16992345786658655
0.642,0.229243130941274,0.21079572431623023,0.17015507717401446
0.643,0.22976078078953793,0.21119530565733324,0.17038760105827772
0.644,0.2302811320236583,0.21159661325536336,0.17062103566099165
0.645,0.23080420748617297,0.21199965912736216,0.1708553871838519
0.646,0.23133003028912796,0.212404455406928,0.1710906618894037
0.647,0.2318586238181681,0.21281101434567182,0.1713268661018244
0.648,0.23239001173670454,0.21321934831469613,0.17156400620771767
0.649,0.23292421799015858,0.21362946980609518,0.17180208865692054
0.65,0.23346126681028728,0.21404139143448017,0.172041119963324
0.651,0.23400118271958636,0.2144551259385263,0.17228110670570576
0.652,0.23454399053578076,0.2148706861825451,0.17252205552857716
0.653,0.23508971537639453,0.21528808515807984,0.17276397314304323
0.654,0.23563838266341236,0.21570733598552722,0.17300686632767728
0.655,0.23619001812802673,0.2161284519157837,0.17325074192940926
0.656,0.2367446478154754,0.21655144633191734,0.17349560686442844
0.657,0.23730229808997394,0.21697633275086683,0.17374146811910166
0.658,0.23786299563973975,0.21740312482516608,0.17398833275090553
0.659,0.23842676748211553,0.2178318363446975,0.17423620788937483
0.66,0.23899364096879086,0.21826248123847153,0.17448510073706627
0.661,0.23956364379112344,0.2186950735764362,0.17473501857053797
0.662,0.2401368039855672,0.2191296275713138,0.17498596874134573
0.663,0.24071314993920306,0.21956615758046844,0.1752379586770551
0.664,0.24129271039538067,0.22000467810780203,0.17549099588227146
0.665,0.24187551445946945,0.22044520380568283,0.17574508793968618
0.666,0.24246159160472353,0.2208877494769028,0.17600024251114127
0.667,0.2430509716782636,0.22133233007666855,0.17625646733871153
0.668,0.24364368490717608,0.2217789607146236,0.17651377024580503
0.669,0.24423976190473556,0.22222765665690314,0.17677215913828265
0.67,0.24483923367675098,0.2226784333282244,0.177031642005596
0.671,0.24544213162803874,0.22313130631400846,0.17729222692194552
0.672,0.24604848756902709,0.22358629136253946,0.1775539220474581
0.673,0.24665833372249396,0.22404340438715717,0.17781673562938438
0.674,0.2472717027304414,0.22450266146848802,0.1780806760033182
0.675,0.2478886276611095,0.22496407885671124,0.17834575159443525
0.676,0.24850914201613503,0.22542767297386374,0.1786119709187549
0.677,0.24913327973785546,0.22589346041618316,0.1788793425844228
0.678,0.24976107521676427,0.22636145795649007,0.17914787529301676
0.679,0.25039256329912063,0.2268316825466104,0.17941757784087506
0.68,0.251027779294715,0.227304151319838,0.17968845912044787
0.681,0.25166675898479907,0.22777888159343995,0.17996052812167349
0.682,0.25230953863017974,0.228255890871203,0.18023379393337788
0.683,0.25295615497948226,0.2287351968460243,0.18050826574469975
0.684,0.25360664527758925,0.22921681740254576,0.18078395284654067
0.685,0.25426104727425597,0.22970077061983396,0.1810608646330415
0.686,0.25491939923290957,0.23018707477410474,0.18133901060308474
0.687,0.2555817399396347,0.2306757483414972,0.18161840036182492
0.6880000000000001,0.2562481087123515,0.23116681000089223,0.18189904362224518
0.6890000000000001,0.2569185454101908,0.2316602786367832,0.18218095020674363
0.6900000000000001,0.25759309044306966,0.2321561733421943,0.18246413004874745
0.6910000000000001,0.25827178478147506,0.23265451342164994,0.182748593194357
0.6920000000000001,0.25895466996645944,0.2331553183941979,0.18303434980401986
0.6930000000000001,0.25964178811985267,0.23365860799648272,0.18332141015423567
0.6940000000000001,0.2603331819546994,0.23416440218587573,0.18360978463929248
0.6950000000000001,0.26102889478592217,0.23467272114365859,0.18389948377303506
0.6960000000000001,0.2617289705412221,0.2351835852782644,0.18419051819066637
0.6970000000000001,0.2624334537722194,0.23569701522857558,0.18448289865058212
0.6980000000000001,0.26314238966583936,0.23621303186728085,0.1847766360362403
0.6990000000000001,0.263855824055955,0.2367316563042927,0.18507174135806523
0.7000000000000001,0.2645738034352873,0.23725290989022538,0.18536822575538742
0.7010000000000001,0.2652963749675733,0.2377768142199361,0.1856661004984209
0.7020000000000001,0.2660235865000095,0.2383033911361302,0.18596537699027704
0.7030000000000001,0.26675548657597425,0.23883266273303094,0.18626606676901736
0.7040000000000001,0.2674921244480407,0.23936465136011764,0.18656818150974555
0.705,0.2682335500912866,0.23989937962593016,0.1868717330267389
0.706,0.2689798142169071,0.2404368704019443,0.18717673327562181
0.707,0.26973096828614074,0.24097714682651783,0.18748319435558053
0.708,0.2704870645245181,0.24152023230890957,0.18779112851162094
0.709,0.2712481559364382,0.2420661505333729,0.18810054813687033
0.71,0.272014296320085,0.24261492546332455,0.18841146577492426
0.711,0.27278554028269186,0.24316658134559205,0.18872389412223928
0.712,0.2735619432561633,0.24372114271473985,0.18903784603057236
0.713,0.27434356151306455,0.24427863439747674,0.18935333450946937
0.714,0.27513045218298865,0.2448390815171463,0.18967037272880177
0.715,0.27592267326931225,0.24540250949830208,0.1899889740213545
0.716,0.27672028366634954,0.24596894407136963,0.19030915188546538
0.717,0.27752334317691635,0.24653841127739667,0.19063091998771717
0.718,0.2783319125303178,0.2471109374728952,0.1909542921656839
0.719,0.2791460534007661,0.24768654933477408,0.19127928243073272
0.72,0.2799658284262476,0.24826527386536915,0.19160590497088242
0.721,0.2807913012278463,0.2488471383975679,0.19193417415372008
0.722,0.28162253642953955,0.2494321706000354,0.19226410452937745
0.723,0.28245959967847845,0.25002039848253993,0.19259571083356788
0.724,0.28330255766576895,0.2506118504013837,0.19292900799068627
0.725,0.2841514781477635,0.2512065550649395,0.19326401111697272
0.726,0.28500642996788456,0.25180454153929577,0.19360073552374188
0.727,0.28586748307898796,0.2524058392540131,0.1939391967206795
0.728,0.28673470856629013,0.25301047800799464,0.1942794104192077
0.729,0.28760817867086774,0.2536184879754734,0.19462139253592112
0.73,0.2884879668137524,0.2542298997121176,0.19496515919609508
0.731,0.28937414762063585,0.25484474416126063,0.19531072673726857
0.732,0.2902667969472028,0.25546305266025204,0.195658111712902
0.733,0.29116599190511283,0.2560848569469415,0.19600733089611452
0.734,0.2920718108886474,0.25671018916628896,0.1963584012834998
0.735,0.2929843336020454,0.25733908187711313,0.19671134009902502
0.736,0.29390364108754563,0.2579715680589747,0.19706616479801292
0.737,0.2948298157541582,0.2586076811192007,0.19742289307121058
0.738,0.29576294140718823,0.25924745490005524,0.19778154284894683
0.739,0.2967031032785326,0.25989092368605515,0.19814213230537978
0.74,0.2976503880577764,0.2605381222114386,0.19850467986283807
0.741,0.29860488392411044,0.26118908566778815,0.19886920419625723
0.742,0.2995666805790985,0.26184384971181357,0.19923572423771424
0.743,0.3005358692803175,0.26250245047329657,0.19960425918106278
0.744,0.3015125428759015,0.26316492456320256,0.19997482848667142
0.745,0.3024967958400145,0.26383130908196467,0.2003474518862683
0.746,0.3034887243092828,0.2645016416279407,0.20072214938789404
0.747,0.30448842612021765,0.2651759603060529,0.201098941280967
0.748,0.3054960008476594,0.26585430373660984,0.20147784814146288
0.749,0.3065115498442737,0.26653671106431787,0.201858890837212
0.75,0.30753517628113863,0.26722322196748677,0.20224209053331835
0.751,0.3085669851894503,0.2679138766674341,0.20262746869770193
0.752,0.30960708350338995,0.26860871593809293,0.2030150471067696
0.753,0.31065558010418737,0.2693077811158299,0.20340484785121696
0.754,0.3117125858654182,0.27001111410947615,0.20379689334196446
0.755,0.31277821369957876,0.27071875741058,0.2041912063162332
0.756,0.31385257860597665,0.2714307541038845,0.20458780984376165
0.757,0.3149357977199846,0.27214714787803784,0.20498672733317036
0.758,0.31602799036370005,0.27286798303654075,0.2053879825384759
0.759,0.3171292780980565,0.2735933045089375,0.2057915995657599
0.76,0.31823978477643844,0.2743231578622605,0.20619760287999742
0.761,0.31935963659984784,0.275057589312729,0.20660601731204847
0.762,0.32048896217367495,0.27579664573771373,0.20701686806581812
0.763,0.32162789256612795,0.2765403746879732,0.20743018072558964
0.764,0.3227765613683792,0.2772888244001678,0.20784598126353532
0.765,0.32393510475648324,0.27804204380966036,0.20826429604741126
0.766,0.3251036615551318,0.27880008256361216,0.20868515184843958
0.767,0.32628237330330595,0.2795629910343786,0.20910857584938572
0.768,0.32747138432189266,0.28033082033321827,0.20953459565283486
0.769,0.3286708417833321,0.28110362232431824,0.20996323928967378
0.77,0.3298808957833713,0.2818814496391484,0.2103945352277848
0.771,0.3311016994149911,0.2826643556911542,0.21082851238095712
0.772,0.33233340884458973,0.2834523946907931,0.21126520011802333
0.773,0.33357618339049894,0.284245621660929,0.21170462827222572
0.774,0.3348301856039159,0.2850440924525918,0.21214682715082256
0.775,0.3360955813523407,0.28584786376111543,0.21259182754493788
0.776,0.33737253990560295,0.28665699314265936,0.21303966073966485
0.777,0.3386612340245775,0.28747153903113337,0.2134903585244299
0.778,0.33996184005268326,0.2882915607555282,0.21394395320362447
0.779,0.3412745380102648,0.2891171185576688,0.21440047760751393
0.78,0.3425995116919673,0.2899482736104033,0.214859965103432
0.781,0.3439369487672082,0.2907850880362355,0.2153224496072686
0.782,0.34528704088386597,0.2916276249264188,0.21578796559526198
0.783,0.3466499837752998,0.2924759483605232,0.21625654811610254
0.784,0.3480259773708277,0.2933301234264883,0.21672823280336062
0.785,0.34941522590979196,0.2941902162411777,0.2172030558882463
0.786,0.3508179380593433,0.29505629397145156,0.2176810542127133
0.787,0.35223432703608876,0.2959284248557691,0.2181622652429173
0.788,0.3536646107317465,0.29680667822633944,0.2186467270830399
0.789,0.3551090118429613,0.2976911245318373,0.21913447848949102
0.79,0.356567758005438,0.2985818353607008,0.21962555888550106
0.791,0.3580410819325621,0.29947888346502693,0.22012000837611556
0.792,0.35952922155867806,0.3003823427850855,0.2206178677636065
0.793,0.36103242018720505,0.30129228847447187,0.22111917856331298
0.794,0.36255092664378197,0.30220879692591196,0.22162398301992592
0.795,0.3640849954346349,0.30313194579774894,0.2221323241242318
0.796,0.365634886910374,0.3040618140411237,0.2226442456303302
0.797,0.36720086743543395,0.3049984819278796,0.22315979207334186
0.798,0.3687832095633814,0.30594203107920603,0.22367900878762303
0.799,0.3703821922183232,0.3068925444950514,0.22420194192550436
0.8,0.3719981008826593,0.30785010658432604,0.22472863847657076
0.801,0.37363122779143615,0.308814803195921,0.2252591462875026
0.802,0.375281872133566,0.30978672165057014,0.22579351408249623
0.803,0.37695034026019164,0.31076595077358143,0.22633179148428467
0.804,0.3786369459004869,0.311752580928468,0.22687402903577927
0.805,0.3803420103851977,0.3127467040515051,0.22742027822235356
0.806,0.3820658628782427,0.31374841368724665,0.22797059149479326
0.807,0.38380884061670384,0.3147578050250319,0.2285250222929352
0.808,0.3855712891595596,0.31577497493651413,0.22908362507001861
0.809,0.38735356264551996,0.3168000220142473,0.22964645531777758
0.81,0.3891560240603477,0.3178330466113659,0.23021356959229733
0.811,0.39097904551406476,0.31887415088239346,0.23078502554066554
0.812,0.3928230085284603,0.31992343882522056,0.2313608819284455
0.8130000000000001,0.39468830433533764,0.3209810163242904,0.23194119866800203
0.8140000000000001,0.3965753341859607,0.32204699119503366,0.2325260368477113
0.8150000000000001,0.39848450967217247,0.3231214732295975,0.23311545876208828
0.8160000000000001,0.4004162530596993,0.32420457424391164,0.23370952794286412
0.8170000000000001,0.40237099763415485,0.32529640812613964,0.23430830919105144
0.8180000000000001,0.404349188060304,0.3263970908865626,0.23491186861003233
0.8190000000000001,0.4063512807551605,0.3275067407089496,0.23552027363971034
0.8200000000000001,0.4083777442755269,0.32862547800346104,0.2361335930917645
0.8210000000000001,0.41042905972060784,0.3297534254611483,0.23675189718605022
0.8220000000000001,0.41250572115036843,0.33089070811009913,0.23737525758818898
0.8230000000000001,0.41460823602032953,0.3320374533732943,0.23800374744839436
0.8240000000000001,0.4167371256335404,0.33319379112823433,0.23863744144158272
0.8250000000000001,0.418892925610489,0.3343598537684016,0.2392764158088177
0.8260000000000001,0.42107618637776434,0.3355357762666287,0.23992074840014324
0.8270000000000001,0.42328747367631137,0.3367216962404377,0.24057051871885793
0.8280000000000001,0.4255273690901699,0.33791775401943003,0.2412258079672905
0.8290000000000001,0.42779647059663045,0.3391240927147994,0.24188669909413568
0.8300000000000001,0.43009539313878437,0.3403408582910509,0.24255327684341324
0.8310000000000001,0.43242476922149803,0.3415681996400069,0.24322562780511747
0.8320000000000001,0.43478524953189224,0.3428062686571918,0.24390384046762598
0.8330000000000001,0.4371775035854582,0.3440552203206813,0.24458800527193855
0.834,0.43960222039900543,0.34531521277251653,0.2452782146678255
0.835,0.4420601091916945,0.34658640740278146,0.2459745631719619
0.836,0.4445519001154651,0.34786896893644426,0.24667714742813257
0.837,0.4470783450162522,0.34916306552307874,0.24738606626959536
0.838,0.4496402182274375,0.3504688688295739,0.24810142078369468
0.839,0.45223831739706827,0.3517865541359545,0.24882331437882046
0.84,0.45487346435045145,0.3531163004344349,0.24955185285381512
0.841,0.457546505989816,0.3544582905318413,0.25028714446993366
0.842,0.46025831523281485,0.3558127111555346,0.25102930002546864
0.843,0.4630097919917491,0.3571797530629825,0.25177843293315727
0.844,0.46580186419547165,0.3585596111551253,0.2525346593004932
0.845,0.4686354888560493,0.359952484593702,0.25329809801307296
0.846,0.4715116531823567,0.3613585769226927,0.2540688708211128
0.847,0.47443137574290106,0.3627780961940574,0.25484710242927816
0.848,0.47739570768028733,0.36421125509795294,0.255632920589978
0.849,0.4804057339798673,0.36565827109761445,0.2564264562002805
0.85,0.4834625747952461,0.3671193665691112,0.25722784340261823
0.851,0.4865673868334632,0.36859476894617665,0.25803721968945853
0.852,0.4897213648028108,0.37008471087034595,0.2588547260121229
0.853,0.4929257429264158,0.37158943034662445,0.25968050689395167
0.854,0.49618179652486594,0.37310917090493967,0.2605147105480198
0.855,0.4994908436713505,0.37464418176762887,0.26135748899961936
0.856,0.5028542469229521,0.3761947180232382,0.26220899821374033
0.857,0.5062734151319375,0.3777610408069171,0.2630693982277875
0.858,0.5097498053410852,0.37934341748770684,0.26393885328979294
0.859,0.5132849247673127,0.38094212186304616,0.2648175320023897
0.86,0.5168803328780875,0.3825574343608199,0.26570560747283567
0.861,0.520537643565347,0.3841896422493119,0.26660325746938407
0.862,0.5242585274219025,0.3858390398554246,0.2675106645843236
0.863,0.5280447141255734,0.3875059287915668,0.2684280164040225
0.864,0.531897994936562,0.38919061819161394,0.2693555056863333
0.865,0.5358202253138932,0.39089342495638674,0.2702933305457388
0.866,0.5398133276570329,0.39261467400910305,0.2712416946466339
0.867,0.5438792941791363,0.394354698561297,0.2722008074051746
0.868,0.548020189918711,0.39611384038971653,0.27317088420013663
0.869,0.5522381558968463,0.3978924501247488,0.27415214659326587
0.87,0.5565354124275252,0.3996908875509507,0.2751448225596244
0.871,0.5609142625889488,0.40150952192029543,0.2761491467284691
0.872,0.5653770958641944,0.4033487322787859,0.2771653606352354
0.873,0.5699263919599928,0.40520890780712066,0.2781937129852311
0.874,0.5745647248128446,0.40709044817614004,0.2792344599296855
0.875,0.5792947667921795,0.4089937639178301,0.2802878653548402
0.876,0.5841192931107807,0.4109192768127011,0.28135420118481136
0.877,0.5890411864531924,0.41286742029441303,0.2824337476990002
0.878,0.5940634418334112,0.41483863987257713,0.28352679386488033
0.879,0.5991891716937061,0.4168333935747151,0.2846336376870438
0.88,0.6044216112570401,0.4188521524084251,0.28575458657344743
0.881,0.6097641241461672,0.42089540084487104,0.28688995771986325
0.882,0.6152202082831573,0.422963637324777,0.2880400785136045
0.883,0.6207935020837666,0.425057374788201,0.289205286957673
0.884,0.6264877909617844,0.42717714122942513,0.29038593211654984
0.885,0.632307014159234,0.42932348027841327,0.29158237458494013
0.886,0.6382552719190667,0.4314969518103606,0.29279498698086764
0.887,0.6443368330177864,0.43369813258498263,0.2940241544646229
0.888,0.6505561426762787,0.43592761691729226,0.2952702752851651
0.889,0.6569178308679675,0.4381860173817411,0.29653376135570114
0.89,0.6634267210443286,0.44047396555172924,0.29781503886028665
0.891,0.6700878392986936,0.4427921127766276,0.2991145488934275
0.892,0.6769064239902491,0.4451411309986212,0.3004327481348107
0.893,0.6838879358511246,0.4475217136118295,0.301770109561447
0.894,0.6910380686004659,0.44993457636635803,0.3031271231996842
0.895,0.6983627600904759,0.4523804583201146,0.3045042969197334
0.896,0.7058682040104715,0.4548601228414504,0.30590215727555403
0.897,0.7135608621761524,0.4573743586658973,0.30732125039316643
0.898,0.7214474774324434,0.45992398101054194,0.3087621429106964
0.899,0.7295350871994732,0.4625098327498289,0.31022542297372047
0.9,0.7378310376925276,0.46513278565689686,0.3117117012897658
0.901,0.7463429988481118,0.467793741714859,0.31322161224612494
0.902,0.7550789799896253,0.4704936345027991,0.31475581509549166
0.903,0.7640473462675816,0.47323343066163487,0.31631499521428724
0.904,0.7732568359108137,0.4760141314454082,0.31789986543895743
0.905,0.7827165783266974,0.4788367743640382,0.31951116748596087
0.906,0.7924361130901159,0.4817024349240467,0.3211496734616572
0.907,0.8024254098627174,0.48461222847433805,0.3228161874688343
0.908,0.8126948892859858,0.4875673121646947,0.324511547317202
0.909,0.8232554448937788,0.49056888702532475,0.32623662634581935
0.91,0.8341184660923788,0.4936182001765029,0.3279923353661321
0.911,0.8452958622587008,0.4967165471781626,0.329779624735074
0.912,0.8568000880102676,0.49986527453015506,0.3315994865685452
0.913,0.8686441697038885,0.5030657823348655,0.33345295710652556
0.914,0.8808417332237648,0.5063195271349409,0.3353411192421298
0.915,0.8934070331241285,0.5096280249400605,0.3372651052280646
0.916,0.9063549831965206,0.5129928544579794,0.3392260995752306
0.917,0.9197011885377062,0.5164156605465197,0.3412253421596297
0.918,0.9334619792010094,0.5198981579047842,0.34326413155531427
0.919,0.9476544455218595,0.5234421350236347,0.34534382861286367
0.92,0.9622964752177005,0.5270494584174589,0.34746586030481974
0.921,0.9774067923734143,0.5307220771614339,0.34963172386168107
0.922,0.9930049984363809,0.5344620277609539,0.35184299122447604
0.923,1.0091116153604964,0.5382714393826062,0.35410131384263016
0.924,1.0257481310564218,0.542152539479142,0.3564084278488692
0.925,1.0429370473263686,0.5461076598443015,0.3587661596462796
0.926,1.0607019304864607,0.5501392431371714,0.3611764319464389
0.927,1.0790674649086796,0.5542498499200692,0.36364127030179666
0.928,1.0980595097483248,0.558442166258758,0.3661628101802727
0.929,1.1177051591625091,0.5627190119392598,0.3687433046354476
0.93,1.138032806371384,0.567083349361647,0.37138513263181033
0.931,1.1590722119674428,0.5715382931781531,0.3740908080914236
0.932,1.180854576940531,0.5760871207507656,0.37686298973616406
0.933,1.2034126209582505,0.5807332835123848,0.37970449180854976
0.934,1.2267806665246217,0.5854804193257203,0.3826182957642209
0.935,1.2509947297356967,0.5903323659456078,0.38560756304058863
0.936,1.2760926184608858,0.5952931757035499,0.3886756490192259
0.937,1.3021140389049364,0.6003671315482425,0.3918261183144988
0.9380000000000001,1.3291007116498226,0.6055587645930265,0.3950627615380225
0.9390000000000001,1.3570964984405292,0.6108728733408582,0.3983896137081421
0.9400000000000001,1.386147541166338,0.6163145447800209,0.40181097449618425
0.9410000000000001,1.4163024147027103,0.621889177569853,0.4053314305272213
0.9420000000000001,1.447612295521252,0.6276025075658788,0.4089558799831128
0.9430000000000001,1.4801311482504103,0.6334606359685485,0.4126895597903479
0.9440000000000001,1.5139159326815552,0.6394700604202473,0.4165380757155733
0.9450000000000001,1.549026834068976,0.6456377094222502,0.4205074357386314
0.9460000000000001,1.5855275199737555,0.6519709804981754,0.4246040871277215
0.9470000000000001,1.6234854273574442,0.6584777825946662,0.4288349577053679
0.9480000000000001,1.6629720841500393,0.6651665832852711,0.43320750186905005
0.9490000000000001,1.7040634701081108,0.6720464614320613,0.4377297520187845
0.9500000000000001,1.7468404224550071,0.6791271660639391,0.4424103761482893
0.9510000000000001,1.7913890925709643,0.6864191823542556,0.447258742479887
0.9520000000000001,1.8378014608950748,0.6939338057271077,0.45228499216996376
0.9530000000000001,1.886175918236304,0.7016832252965908,0.45750012128656703
0.9540000000000001,1.9366179228956595,0.709680618052334,0.4629160734696648
0.9550000000000001,1.989240744411725,0.7179402554555293,0.4685458449353309
0.9560000000000001,2.044166306401783,0.7264776244118141,0.4744036037871356
0.9570000000000001,2.101526142936246,0.7353095649527381,0.48050482596325483
0.9580000000000001,2.1614624852256545,0.7444544274012086,0.4868664505913077
0.9590000000000001,2.2241294982049666,0.7539322523372767,0.49350705806376977
0.9600000000000001,2.289694689981119,0.76376497734336,0.5004470748093514
0.961,2.3583405212077397,0.7739766753235474,0.5077090095511387
0.962,2.430266246444745,0.7845938302003962,0.5153177268508586
0.963,2.505690025678518,0.7956456570466248,0.5233007649924621
0.964,2.5848513517138594,0.8071644752766853,0.5316887068255862
0.965,2.6680138484777727,0.819186145493683,0.540515614159766
0.966,2.7554685068868845,0.831750583079275,0.5498195387921994
0.967,2.847537439461363,0.8449023647858636,0.5596431264233688
0.968,2.944578253155562,0.8586914486541616,0.5700343337783292
0.969,3.046989163027572,0.8731740328226089,0.581047284494682
0.97,3.1552149988652,0.8884135856115646,0.5927432961544318
0.971,3.269754294717504,0.904482088196968,0.6051921197684573
0.972,3.3911677001567893,0.9214615429907699,0.6184734448246989
0.973,3.520088015735761,0.9394458165822256,0.6326787387476576
0.974,3.6572322386685134,0.9585429072780947,0.647913510800528
0.975,3.8034161154946524,0.9788777560899751,0.6643001192711461
0.976,3.9595718466665586,1.0005957596307795,0.6819812803964759
0.977,4.12676978842269,1.023867198497186,0.7011244925948369
0.978,4.306245271543424,1.0488928723764452,0.7219276672363772
0.979,4.499432036547534,1.0759113440609853,0.7446263681269866
0.98,4.70800431857235,1.1052083554242966,0.7695032227506259
0.981,4.933930376018323,1.137129215483202,0.7969003053862963
0.982,5.179541359528623,1.1720953162787422,0.8272356478226923
0.983,5.447621044287415,1.2106264761775016,0.8610255772628259
0.984,5.741524395833535,1.2533716599912137,0.8989154308065679
0.985,6.065336703504566,1.3011519849858175,0.9417225555720395
0.986,6.424090948269209,1.355022155599987,0.9904977372652572
0.987,6.824070683788031,1.4163602498831485,1.0466149801970621
0.988,7.273241776692071,1.4870023959951926,1.1119061770781673
0.989,7.781884184483566,1.5694509049864003,1.1888692347990757
0.99,8.363545189824384,1.6672072790406642,1.2810010753657797
0.991,9.036530672571933,1.7853272202936878,1.3933526370903353
0.992,9.826341845743531,1.9313918904355643,1.533500126232693
0.993,10.769874928142933,2.117311671529731,1.7133487695123093
0.994,11.923160498885968,2.362933679035933,1.9527403184632404
0.995,13.376919708089622,2.7039782795795353,2.2873895581606187
0.996,15.291734086396685,3.211880371060698,2.7887255778970967
0.997,17.992260968708216,4.053313202899792,3.6234155815901112
0.998,22.298394185381163,5.72828362532731,5.2914601268121455
0.999,31.519717417047875,10.7367987677386,10.29285979244756
