rho,betak1,Li1,gammai1,Li2,gammai2,beta,eta,L,gamma
5.000000e-03,5.431563e-132,1.265341e-02,0.000000e+00,3.135137e-03,0.000000e+00,5.431563e-132,5.000000e-03,1.578855e-02,7.917132e+00
1.000000e-02,6.163558e-114,2.562097e-02,0.000000e+00,6.290709e-03,0.000000e+00,6.163558e-114,1.000000e-02,3.191168e-02,7.834122e+00
1.500000e-02,2.230183e-103,3.891408e-02,0.000000e+00,9.466966e-03,0.000000e+00,2.230183e-103,1.500000e-02,4.838104e-02,7.750970e+00
2.000000e-02,6.880546e-96,5.254464e-02,0.000000e+00,1.266416e-02,0.000000e+00,6.880546e-96,2.000000e-02,6.520880e-02,7.667676e+00
2.500000e-02,4.416772e-90,6.652515e-02,0.000000e+00,1.588256e-02,0.000000e+00,4.416772e-90,2.500000e-02,8.240771e-02,7.584242e+00
3.000000e-02,2.447835e-85,8.086867e-02,0.000000e+00,1.912242e-02,0.000000e+00,2.447835e-85,3.000000e-02,9.999109e-02,7.500668e+00
3.500000e-02,2.502138e-81,9.558890e-02,0.000000e+00,2.238404e-02,0.000000e+00,2.502138e-81,3.500000e-02,1.179729e-01,7.416955e+00
4.000000e-02,7.421080e-78,1.107002e-01,0.000000e+00,2.566768e-02,0.000000e+00,7.421080e-78,4.000000e-02,1.363679e-01,7.333105e+00
4.500000e-02,8.554070e-75,1.262176e-01,0.000000e+00,2.897364e-02,0.000000e+00,8.554070e-75,4.500000e-02,1.551913e-01,7.249118e+00
5.000000e-02,4.678318e-72,1.421570e-01,0.000000e+00,3.230223e-02,0.000000e+00,4.678318e-72,5.000000e-02,1.744593e-01,7.164997e+00
5.500000e-02,1.399682e-69,1.585349e-01,0.000000e+00,3.565376e-02,0.000000e+00,1.399682e-69,5.500000e-02,1.941887e-01,7.080742e+00
6.000000e-02,2.544662e-67,1.753687e-01,0.000000e+00,3.902855e-02,0.000000e+00,2.544662e-67,6.000000e-02,2.143973e-01,6.996357e+00
6.500000e-02,3.044738e-65,1.926768e-01,0.000000e+00,4.242693e-02,0.000000e+00,3.044738e-65,6.500000e-02,2.351037e-01,6.911844e+00
7.000000e-02,2.551104e-63,2.104782e-01,0.000000e+00,4.584924e-02,0.000000e+00,2.551104e-63,7.000000e-02,2.563275e-01,6.827205e+00
7.500000e-02,1.572245e-61,2.287933e-01,0.000000e+00,4.929584e-02,0.000000e+00,1.572245e-61,7.500000e-02,2.780892e-01,6.742442e+00
8.000000e-02,7.415512e-60,2.476433e-01,0.000000e+00,5.276709e-02,0.000000e+00,7.415512e-60,8.000000e-02,3.004104e-01,6.657560e+00
8.500000e-02,2.764845e-58,2.670505e-01,0.000000e+00,5.626338e-02,0.000000e+00,2.764845e-58,8.500000e-02,3.233138e-01,6.572561e+00
9.000000e-02,8.370903e-57,2.870384e-01,0.000000e+00,5.978510e-02,0.000000e+00,8.370903e-57,9.000000e-02,3.468235e-01,6.487450e+00
9.500000e-02,2.104818e-55,3.076318e-01,0.000000e+00,6.333267e-02,0.000000e+00,2.104818e-55,9.500000e-02,3.709645e-01,6.402231e+00
1.000000e-01,4.479835e-54,3.288568e-01,0.000000e+00,6.690650e-02,0.000000e+00,4.479835e-54,1.000000e-01,3.957633e-01,6.316908e+00
1.050000e-01,8.202900e-53,3.507407e-01,0.000000e+00,7.050704e-02,0.000000e+00,8.202900e-53,1.050000e-01,4.212478e-01,6.231487e+00
1.100000e-01,1.310384e-51,3.733127e-01,0.000000e+00,7.413476e-02,0.000000e+00,1.310384e-51,1.100000e-01,4.474475e-01,6.145973e+00
1.150000e-01,1.848472e-50,3.966032e-01,0.000000e+00,7.779013e-02,0.000000e+00,1.848472e-50,1.150000e-01,4.743933e-01,6.060372e+00
1.200000e-01,2.326996e-49,4.206443e-01,0.000000e+00,8.147366e-02,0.000000e+00,2.326996e-49,1.200000e-01,5.021179e-01,5.974692e+00
1.250000e-01,2.638577e-48,4.454700e-01,0.000000e+00,8.518586e-02,0.000000e+00,2.638577e-48,1.250000e-01,5.306558e-01,5.888939e+00
1.300000e-01,2.716963e-47,4.711161e-01,0.000000e+00,8.892730e-02,0.000000e+00,2.716963e-47,1.300000e-01,5.600434e-01,5.803121e+00
1.350000e-01,2.559081e-46,4.976205e-01,0.000000e+00,9.269854e-02,0.000000e+00,2.559081e-46,1.350000e-01,5.903190e-01,5.717247e+00
1.400000e-01,2.219079e-45,5.250230e-01,0.000000e+00,9.650019e-02,0.000000e+00,2.219079e-45,1.400000e-01,6.215232e-01,5.631327e+00
1.450000e-01,1.781789e-44,5.533658e-01,0.000000e+00,1.003329e-01,0.000000e+00,1.781789e-44,1.450000e-01,6.536986e-01,5.545369e+00
1.500000e-01,1.331636e-43,5.826933e-01,0.000000e+00,1.041973e-01,0.000000e+00,1.331636e-43,1.500000e-01,6.868906e-01,5.459385e+00
1.550000e-01,9.306554e-43,6.130527e-01,0.000000e+00,1.080940e-01,0.000000e+00,9.306554e-43,1.550000e-01,7.211467e-01,5.373387e+00
1.600000e-01,6.108033e-42,6.444935e-01,0.000000e+00,1.120239e-01,0.000000e+00,6.108033e-42,1.600000e-01,7.565174e-01,5.287386e+00
1.650000e-01,3.779092e-41,6.770683e-01,0.000000e+00,1.159878e-01,0.000000e+00,3.779092e-41,1.650000e-01,7.930560e-01,5.201398e+00
1.700000e-01,2.211882e-40,7.108324e-01,0.000000e+00,1.199863e-01,0.000000e+00,2.211882e-40,1.700000e-01,8.308187e-01,5.115436e+00
1.750000e-01,1.228590e-39,7.458446e-01,0.000000e+00,1.240204e-01,0.000000e+00,1.228590e-39,1.750000e-01,8.698650e-01,5.029516e+00
1.800000e-01,6.495125e-39,7.821667e-01,0.000000e+00,1.280910e-01,0.000000e+00,6.495125e-39,1.800000e-01,9.102577e-01,4.943655e+00
1.850000e-01,3.276902e-38,8.198642e-01,0.000000e+00,1.321990e-01,0.000000e+00,3.276902e-38,1.850000e-01,9.520632e-01,4.857871e+00
1.900000e-01,1.581616e-37,8.590062e-01,0.000000e+00,1.363455e-01,0.000000e+00,1.581616e-37,1.900000e-01,9.953517e-01,4.772182e+00
1.950000e-01,7.319522e-37,8.996657e-01,0.000000e+00,1.405316e-01,0.000000e+00,7.319522e-37,1.950000e-01,1.040197e+00,4.686611e+00
2.000000e-01,3.254734e-36,9.419197e-01,0.000000e+00,1.447584e-01,0.000000e+00,3.254734e-36,2.000000e-01,1.086678e+00,4.601179e+00
2.050000e-01,1.393279e-35,9.858498e-01,0.000000e+00,1.490271e-01,0.000000e+00,1.393279e-35,2.050000e-01,1.134877e+00,4.515908e+00
2.100000e-01,5.752124e-35,1.031542e+00,0.000000e+00,1.533390e-01,0.000000e+00,5.752124e-35,2.100000e-01,1.184881e+00,4.430826e+00
2.150000e-01,2.294073e-34,1.079086e+00,0.000000e+00,1.576955e-01,0.000000e+00,2.294073e-34,2.150000e-01,1.236782e+00,4.345957e+00
2.200000e-01,8.852090e-34,1.128579e+00,0.000000e+00,1.620981e-01,0.000000e+00,8.852090e-34,2.200000e-01,1.290677e+00,4.261330e+00
2.250000e-01,3.309549e-33,1.180120e+00,0.000000e+00,1.665483e-01,0.000000e+00,3.309549e-33,2.250000e-01,1.346668e+00,4.176976e+00
2.300000e-01,1.200490e-32,1.233815e+00,0.000000e+00,1.710478e-01,0.000000e+00,1.200490e-32,2.300000e-01,1.404863e+00,4.092926e+00
2.350000e-01,4.230181e-32,1.289776e+00,0.000000e+00,1.755984e-01,0.000000e+00,4.230181e-32,2.350000e-01,1.465375e+00,4.009213e+00
2.400000e-01,1.449701e-31,1.348120e+00,0.000000e+00,1.802021e-01,0.000000e+00,1.449701e-31,2.400000e-01,1.528322e+00,3.925873e+00
2.450000e-01,4.837185e-31,1.408970e+00,0.000000e+00,1.848607e-01,0.000000e+00,4.837185e-31,2.450000e-01,1.593831e+00,3.842943e+00
2.500000e-01,1.573069e-30,1.472453e+00,0.000000e+00,1.895766e-01,0.000000e+00,1.573069e-30,2.500000e-01,1.662030e+00,3.760462e+00
2.550000e-01,4.990707e-30,1.538705e+00,0.000000e+00,1.943520e-01,0.000000e+00,4.990707e-30,2.550000e-01,1.733057e+00,3.678471e+00
2.600000e-01,1.546066e-29,1.607866e+00,0.000000e+00,1.991894e-01,0.000000e+00,1.546066e-29,2.600000e-01,1.807055e+00,3.597012e+00
2.650000e-01,4.680745e-29,1.680082e+00,0.000000e+00,2.040915e-01,0.000000e+00,4.680745e-29,2.650000e-01,1.884173e+00,3.516131e+00
2.700000e-01,1.386021e-28,1.755505e+00,0.000000e+00,2.090612e-01,0.000000e+00,1.386021e-28,2.700000e-01,1.964566e+00,3.435873e+00
2.750000e-01,4.017163e-28,1.834293e+00,0.000000e+00,2.141014e-01,0.000000e+00,4.017163e-28,2.750000e-01,2.048395e+00,3.356287e+00
2.800000e-01,1.140438e-27,1.916610e+00,0.000000e+00,2.192154e-01,0.000000e+00,1.140438e-27,2.800000e-01,2.135826e+00,3.277421e+00
2.850000e-01,3.173340e-27,2.002624e+00,0.000000e+00,2.244066e-01,0.000000e+00,3.173340e-27,2.850000e-01,2.227031e+00,3.199327e+00
2.900000e-01,8.660203e-27,2.092507e+00,0.000000e+00,2.296788e-01,0.000000e+00,8.660203e-27,2.900000e-01,2.322186e+00,3.122058e+00
2.950000e-01,2.319340e-26,2.186438e+00,0.000000e+00,2.350360e-01,0.000000e+00,2.319340e-26,2.950000e-01,2.421474e+00,3.045666e+00
3.000000e-01,6.099151e-26,2.284595e+00,0.000000e+00,2.404822e-01,0.000000e+00,6.099151e-26,3.000000e-01,2.525077e+00,2.970206e+00
3.050000e-01,1.575701e-25,2.387162e+00,0.000000e+00,2.460220e-01,0.000000e+00,1.575701e-25,3.050000e-01,2.633184e+00,2.895733e+00
3.100000e-01,4.001248e-25,2.494324e+00,0.000000e+00,2.516602e-01,0.000000e+00,4.001248e-25,3.100000e-01,2.745984e+00,2.822303e+00
3.150000e-01,9.991730e-25,2.606265e+00,0.000000e+00,2.574017e-01,0.000000e+00,9.991730e-25,3.150000e-01,2.863667e+00,2.749971e+00
3.200000e-01,2.454735e-24,2.723169e+00,0.000000e+00,2.632519e-01,0.000000e+00,2.454735e-24,3.200000e-01,2.986421e+00,2.678792e+00
3.250000e-01,5.935700e-24,2.845217e+00,0.000000e+00,2.692165e-01,0.000000e+00,5.935700e-24,3.250000e-01,3.114434e+00,2.608821e+00
3.300000e-01,1.413247e-23,2.972586e+00,0.000000e+00,2.753014e-01,0.000000e+00,1.413247e-23,3.300000e-01,3.247887e+00,2.540113e+00
3.350000e-01,3.314428e-23,3.105445e+00,0.000000e+00,2.815129e-01,0.000000e+00,3.314428e-23,3.350000e-01,3.386958e+00,2.472720e+00
3.400000e-01,7.659517e-23,3.243958e+00,0.000000e+00,2.878576e-01,0.000000e+00,7.659517e-23,3.400000e-01,3.531816e+00,2.406694e+00
3.450000e-01,1.744801e-22,3.388276e+00,0.000000e+00,2.943424e-01,0.000000e+00,1.744801e-22,3.450000e-01,3.682619e+00,2.342083e+00
3.500000e-01,3.919085e-22,3.538538e+00,0.000000e+00,3.009745e-01,0.000000e+00,3.919085e-22,3.500000e-01,3.839512e+00,2.278935e+00
3.550000e-01,8.682656e-22,3.694866e+00,0.000000e+00,3.077614e-01,0.000000e+00,8.682656e-22,3.550000e-01,4.002628e+00,2.217293e+00
3.600000e-01,1.897923e-21,3.857366e+00,0.000000e+00,3.147110e-01,0.000000e+00,1.897923e-21,3.600000e-01,4.172077e+00,2.157199e+00
3.650000e-01,4.094359e-21,4.026122e+00,0.000000e+00,3.218312e-01,0.000000e+00,4.094359e-21,3.650000e-01,4.347953e+00,2.098689e+00
3.700000e-01,8.719502e-21,4.201194e+00,0.000000e+00,3.291303e-01,0.000000e+00,8.719502e-21,3.700000e-01,4.530324e+00,2.041797e+00
3.750000e-01,1.833616e-20,4.382617e+00,0.000000e+00,3.366170e-01,0.000000e+00,1.833616e-20,3.750000e-01,4.719234e+00,1.986551e+00
3.800000e-01,3.808410e-20,4.570397e+00,0.000000e+00,3.442999e-01,0.000000e+00,3.808410e-20,3.800000e-01,4.914697e+00,1.932978e+00
3.850000e-01,7.814501e-20,4.764510e+00,0.000000e+00,3.521878e-01,0.000000e+00,7.814501e-20,3.850000e-01,5.116698e+00,1.881096e+00
3.900000e-01,1.584458e-19,4.964898e+00,0.000000e+00,3.602899e-01,0.000000e+00,1.584458e-19,3.900000e-01,5.325188e+00,1.830921e+00
3.950000e-01,3.175252e-19,5.171470e+00,0.000000e+00,3.686150e-01,0.000000e+00,3.175252e-19,3.950000e-01,5.540085e+00,1.782464e+00
4.000000e-01,6.290526e-19,5.384097e+00,0.000000e+00,3.771724e-01,0.000000e+00,6.290526e-19,4.000000e-01,5.761270e+00,1.735729e+00
4.050000e-01,1.232246e-18,5.602617e+00,0.000000e+00,3.859710e-01,0.000000e+00,1.232246e-18,4.050000e-01,5.988588e+00,1.690716e+00
4.100000e-01,2.387248e-18,5.826827e+00,0.000000e+00,3.950201e-01,0.000000e+00,2.387248e-18,4.100000e-01,6.221847e+00,1.647421e+00
4.150000e-01,4.574814e-18,6.056492e+00,0.000000e+00,4.043284e-01,0.000000e+00,4.574814e-18,4.150000e-01,6.460821e+00,1.605833e+00
4.200000e-01,8.673791e-18,6.291339e+00,0.000000e+00,4.139049e-01,0.000000e+00,8.673791e-18,4.200000e-01,6.705244e+00,1.565939e+00
4.250000e-01,1.627372e-17,6.531060e+00,0.000000e+00,4.237582e-01,0.000000e+00,1.627372e-17,4.250000e-01,6.954818e+00,1.527718e+00
4.300000e-01,3.021957e-17,6.775318e+00,0.000000e+00,4.338967e-01,0.000000e+00,3.021957e-17,4.300000e-01,7.209214e+00,1.491147e+00
4.350000e-01,5.555122e-17,7.023744e+00,0.000000e+00,4.443286e-01,0.000000e+00,5.555122e-17,4.350000e-01,7.468073e+00,1.456199e+00
4.400000e-01,1.011072e-16,7.275946e+00,0.000000e+00,4.550621e-01,0.000000e+00,1.011072e-16,4.400000e-01,7.731008e+00,1.422842e+00
4.450000e-01,1.822350e-16,7.531506e+00,0.000000e+00,4.661047e-01,0.000000e+00,1.822350e-16,4.450000e-01,7.997611e+00,1.391040e+00
4.500000e-01,3.253279e-16,7.789992e+00,0.000000e+00,4.774640e-01,0.000000e+00,3.253279e-16,4.500000e-01,8.267456e+00,1.360757e+00
4.550000e-01,5.753442e-16,8.050955e+00,0.000000e+00,4.891472e-01,0.000000e+00,5.753442e-16,4.550000e-01,8.540102e+00,1.331951e+00
4.600000e-01,1.008157e-15,8.313938e+00,0.000000e+00,5.011612e-01,0.000000e+00,1.008157e-15,4.600000e-01,8.815100e+00,1.304580e+00
4.650000e-01,1.750650e-15,8.578480e+00,0.000000e+00,5.135129e-01,0.000000e+00,1.750650e-15,4.650000e-01,9.091993e+00,1.278598e+00
4.700000e-01,3.013127e-15,8.844119e+00,0.000000e+00,5.262088e-01,0.000000e+00,3.013127e-15,4.700000e-01,9.370328e+00,1.253958e+00
4.750000e-01,5.141127e-15,9.110398e+00,0.000000e+00,5.392552e-01,0.000000e+00,5.141127e-15,4.750000e-01,9.649653e+00,1.230614e+00
4.800000e-01,8.697568e-15,9.376869e+00,0.000000e+00,5.526586e-01,0.000000e+00,8.697568e-15,4.800000e-01,9.929528e+00,1.208517e+00
4.850000e-01,1.459187e-14,9.643098e+00,0.000000e+00,5.664250e-01,0.000000e+00,1.459187e-14,4.850000e-01,1.020952e+01,1.187617e+00
4.900000e-01,2.428135e-14,9.908665e+00,0.000000e+00,5.805608e-01,0.000000e+00,2.428135e-14,4.900000e-01,1.048923e+01,1.167865e+00
4.950000e-01,4.008273e-14,1.017317e+01,0.000000e+00,5.950722e-01,0.000000e+00,4.008273e-14,4.950000e-01,1.076824e+01,1.149212e+00
5.000000e-01,6.565053e-14,1.043624e+01,0.000000e+00,6.099656e-01,0.000000e+00,6.565053e-14,5.000000e-01,1.104621e+01,1.131610e+00
5.050000e-01,1.067060e-13,1.069752e+01,0.000000e+00,6.252474e-01,0.000000e+00,1.067060e-13,5.050000e-01,1.132277e+01,1.115010e+00
5.100000e-01,1.721397e-13,1.095669e+01,0.000000e+00,6.409244e-01,0.000000e+00,1.721397e-13,5.100000e-01,1.159762e+01,1.099364e+00
5.150000e-01,2.756682e-13,1.121345e+01,0.000000e+00,6.570037e-01,0.000000e+00,2.756682e-13,5.150000e-01,1.187045e+01,1.084626e+00
5.200000e-01,4.383048e-13,1.146752e+01,0.000000e+00,6.734926e-01,0.000000e+00,4.383048e-13,5.200000e-01,1.214101e+01,1.070751e+00
5.250000e-01,6.920209e-13,1.171867e+01,0.000000e+00,6.903990e-01,0.000000e+00,6.920209e-13,5.250000e-01,1.240907e+01,1.057694e+00
5.300000e-01,1.085136e-12,1.196668e+01,0.000000e+00,7.077311e-01,0.000000e+00,1.085136e-12,5.300000e-01,1.267441e+01,1.045413e+00
5.350000e-01,1.690202e-12,1.221137e+01,0.000000e+00,7.254976e-01,0.000000e+00,1.690202e-12,5.350000e-01,1.293687e+01,1.033867e+00
5.400000e-01,2.615461e-12,1.245258e+01,0.000000e+00,7.437080e-01,0.000000e+00,2.615461e-12,5.400000e-01,1.319629e+01,1.023015e+00
5.450000e-01,4.021409e-12,1.269018e+01,0.000000e+00,7.623722e-01,0.000000e+00,4.021409e-12,5.450000e-01,1.345255e+01,1.012819e+00
5.500000e-01,6.144579e-12,1.292405e+01,0.000000e+00,7.815009e-01,0.000000e+00,6.144579e-12,5.500000e-01,1.370555e+01,1.003243e+00
5.550000e-01,9.331510e-12,1.315412e+01,0.000000e+00,8.011054e-01,0.000000e+00,9.331510e-12,5.550000e-01,1.395522e+01,9.942515e-01
5.600000e-01,1.408699e-11,1.338031e+01,0.000000e+00,8.211980e-01,0.000000e+00,1.408699e-11,5.600000e-01,1.420151e+01,9.858107e-01
5.650000e-01,2.114222e-11,1.360259e+01,0.000000e+00,8.417915e-01,0.000000e+00,2.114222e-11,5.650000e-01,1.444439e+01,9.778886e-01
5.700000e-01,3.155051e-11,1.382094e+01,0.000000e+00,8.628999e-01,0.000000e+00,3.155051e-11,5.700000e-01,1.468384e+01,9.704549e-01
5.750000e-01,4.682115e-11,1.403533e+01,0.000000e+00,8.845379e-01,0.000000e+00,4.682115e-11,5.750000e-01,1.491987e+01,9.634804e-01
5.800000e-01,6.910544e-11,1.424578e+01,0.000000e+00,9.067212e-01,0.000000e+00,6.910544e-11,5.800000e-01,1.515250e+01,9.569375e-01
5.850000e-01,1.014542e-10,1.445231e+01,0.000000e+00,9.294666e-01,0.000000e+00,1.014542e-10,5.850000e-01,1.538178e+01,9.508002e-01
5.900000e-01,1.481725e-10,1.465495e+01,0.000000e+00,9.527919e-01,0.000000e+00,1.481725e-10,5.900000e-01,1.560774e+01,9.450436e-01
5.950000e-01,2.153053e-10,1.485374e+01,0.000000e+00,9.767160e-01,0.000000e+00,2.153053e-10,5.950000e-01,1.583046e+01,9.396442e-01
6.000000e-01,3.113007e-10,1.504874e+01,0.000000e+00,1.001259e+00,0.000000e+00,3.113007e-10,6.000000e-01,1.605000e+01,9.345797e-01
6.050000e-01,4.479101e-10,1.523999e+01,0.000000e+00,1.026442e+00,0.000000e+00,4.479101e-10,6.050000e-01,1.626643e+01,9.298289e-01
6.100000e-01,6.414060e-10,1.542757e+01,0.000000e+00,1.052288e+00,0.000000e+00,6.414060e-10,6.100000e-01,1.647986e+01,9.253720e-01
6.150000e-01,9.142198e-10,1.561155e+01,0.000000e+00,1.078821e+00,0.000000e+00,9.142198e-10,6.150000e-01,1.669037e+01,9.211899e-01
6.200000e-01,1.297139e-09,1.579200e+01,0.000000e+00,1.106065e+00,0.000000e+00,1.297139e-09,6.200000e-01,1.689807e+01,9.172648e-01
6.250000e-01,1.832240e-09,1.596900e+01,0.000000e+00,1.134049e+00,0.000000e+00,1.832240e-09,6.250000e-01,1.710305e+01,9.135796e-01
6.300000e-01,2.576786e-09,1.614264e+01,0.000000e+00,1.162801e+00,0.000000e+00,2.576786e-09,6.300000e-01,1.730544e+01,9.101183e-01
6.350000e-01,3.608384e-09,1.631300e+01,0.000000e+00,1.192351e+00,0.000000e+00,3.608384e-09,6.350000e-01,1.750535e+01,9.068656e-01
6.400000e-01,5.031801e-09,1.648016e+01,0.000000e+00,1.222730e+00,0.000000e+00,5.031801e-09,6.400000e-01,1.770290e+01,9.038070e-01
6.450000e-01,6.987897e-09,1.664422e+01,0.000000e+00,1.253974e+00,0.000000e+00,6.987897e-09,6.450000e-01,1.789820e+01,9.009287e-01
6.500000e-01,9.665332e-09,1.680527e+01,0.000000e+00,1.286118e+00,0.000000e+00,9.665332e-09,6.500000e-01,1.809139e+01,8.982176e-01
6.550000e-01,1.331582e-08,1.696338e+01,0.000000e+00,1.319200e+00,0.000000e+00,1.331582e-08,6.550000e-01,1.828258e+01,8.956612e-01
6.600000e-01,1.827396e-08,1.711866e+01,0.000000e+00,1.353261e+00,0.000000e+00,1.827396e-08,6.600000e-01,1.847192e+01,8.932476e-01
6.650000e-01,2.498286e-08,1.727119e+01,0.000000e+00,1.388344e+00,0.000000e+00,2.498286e-08,6.650000e-01,1.865954e+01,8.909654e-01
6.700000e-01,3.402723e-08,1.742106e+01,0.000000e+00,1.424495e+00,0.000000e+00,3.402723e-08,6.700000e-01,1.884556e+01,8.888036e-01
6.750000e-01,4.617586e-08,1.756836e+01,0.000000e+00,1.461763e+00,0.000000e+00,4.617586e-08,6.750000e-01,1.903012e+01,8.867519e-01
6.800000e-01,6.243607e-08,1.771318e+01,0.000000e+00,1.500198e+00,0.000000e+00,6.243607e-08,6.800000e-01,1.921338e+01,8.848002e-01
6.850000e-01,8.412307e-08,1.785560e+01,0.000000e+00,1.539857e+00,0.000000e+00,8.412307e-08,6.849999e-01,1.939546e+01,8.829386e-01
6.900000e-01,1.129482e-07,1.799571e+01,0.000000e+00,1.580798e+00,0.000000e+00,1.129482e-07,6.899999e-01,1.957651e+01,8.811579e-01
6.950000e-01,1.511310e-07,1.813360e+01,0.000000e+00,1.623083e+00,0.000000e+00,1.511310e-07,6.949999e-01,1.975669e+01,8.794489e-01
7.000000e-01,2.015400e-07,1.826936e+01,0.000000e+00,1.666780e+00,0.000000e+00,2.015400e-07,6.999999e-01,1.993614e+01,8.778028e-01
7.050000e-01,2.678709e-07,1.840306e+01,0.000000e+00,1.711958e+00,0.000000e+00,2.678709e-07,7.049998e-01,2.011502e+01,8.762108e-01
7.100000e-01,3.548691e-07,1.853479e+01,0.000000e+00,1.758695e+00,0.000000e+00,3.548691e-07,7.099997e-01,2.029349e+01,8.746646e-01
7.150000e-01,4.686085e-07,1.866464e+01,0.000000e+00,1.807071e+00,0.000000e+00,4.686085e-07,7.149997e-01,2.047171e+01,8.731557e-01
7.200000e-01,6.168385e-07,1.879269e+01,0.000000e+00,1.857174e+00,0.000000e+00,6.168385e-07,7.199996e-01,2.064986e+01,8.716760e-01
7.250000e-01,8.094149e-07,1.891902e+01,0.000000e+00,1.909096e+00,0.000000e+00,8.094149e-07,7.249994e-01,2.082811e+01,8.702174e-01
7.300000e-01,1.058833e-06,1.904371e+01,0.000000e+00,1.962938e+00,0.000000e+00,1.058833e-06,7.299992e-01,2.100665e+01,8.687717e-01
7.350000e-01,1.380885e-06,1.916685e+01,0.000000e+00,2.018806e+00,0.000000e+00,1.380885e-06,7.349990e-01,2.118566e+01,8.673309e-01
7.400000e-01,1.795468e-06,1.928852e+01,0.000000e+00,2.076816e+00,0.000000e+00,1.795468e-06,7.399987e-01,2.136534e+01,8.658870e-01
7.450000e-01,2.327573e-06,1.940881e+01,0.000000e+00,2.137089e+00,0.000000e+00,2.327573e-06,7.449983e-01,2.154590e+01,8.644318e-01
7.500000e-01,3.008492e-06,1.952779e+01,0.000000e+00,2.199761e+00,0.000000e+00,3.008492e-06,7.499977e-01,2.172755e+01,8.629571e-01
7.550000e-01,3.877287e-06,1.964555e+01,0.000000e+00,2.264972e+00,0.000000e+00,3.877287e-06,7.549971e-01,2.191053e+01,8.614547e-01
7.600000e-01,4.982564e-06,1.976219e+01,0.000000e+00,2.332876e+00,0.000000e+00,4.982564e-06,7.599962e-01,2.209507e+01,8.599162e-01
7.650000e-01,6.384628e-06,1.987778e+01,0.000000e+00,2.403640e+00,0.000000e+00,6.384628e-06,7.649951e-01,2.228142e+01,8.583330e-01
7.700000e-01,8.158056e-06,1.999242e+01,0.000000e+00,2.477440e+00,0.000000e+00,8.158056e-06,7.699937e-01,2.246986e+01,8.566963e-01
7.750000e-01,1.039479e-05,2.010619e+01,0.000000e+00,2.554469e+00,0.000000e+00,1.039479e-05,7.749919e-01,2.266066e+01,8.549972e-01
7.800000e-01,1.320783e-05,2.021919e+01,0.000000e+00,2.634932e+00,0.000000e+00,1.320783e-05,7.799897e-01,2.285412e+01,8.532265e-01
7.850000e-01,1.673562e-05,2.033151e+01,0.000000e+00,2.719054e+00,0.000000e+00,1.673562e-05,7.849869e-01,2.305057e+01,8.513748e-01
7.900000e-01,2.114721e-05,2.044326e+01,0.000000e+00,2.807074e+00,0.000000e+00,2.114721e-05,7.899833e-01,2.325033e+01,8.494322e-01
7.950000e-01,2.664840e-05,2.055453e+01,0.000000e+00,2.899250e+00,0.000000e+00,2.664840e-05,7.949788e-01,2.345378e+01,8.473889e-01
8.000000e-01,3.348883e-05,2.066542e+01,0.000000e+00,2.995860e+00,0.000000e+00,3.348883e-05,7.999732e-01,2.366128e+01,8.452344e-01
8.050000e-01,4.197042e-05,2.077605e+01,0.000000e+00,3.097205e+00,0.000000e+00,4.197042e-05,8.049662e-01,2.387326e+01,8.429581e-01
8.100000e-01,5.245694e-05,2.088653e+01,0.000000e+00,3.203604e+00,0.000000e+00,5.245694e-05,8.099575e-01,2.409013e+01,8.405491e-01
8.150000e-01,6.538526e-05,2.099697e+01,0.000000e+00,3.315404e+00,0.000000e+00,6.538526e-05,8.149467e-01,2.431237e+01,8.379960e-01
8.200000e-01,8.127812e-05,2.110749e+01,0.000000e+00,3.432975e+00,0.000000e+00,8.127812e-05,8.199334e-01,2.454046e+01,8.352873e-01
8.250000e-01,1.007587e-04,2.121821e+01,0.000000e+00,3.556711e+00,0.000000e+00,1.007587e-04,8.249169e-01,2.477492e+01,8.324112e-01
8.300000e-01,1.245671e-04,2.132927e+01,0.000000e+00,3.687036e+00,0.000000e+00,1.245671e-04,8.298966e-01,2.501631e+01,8.293556e-01
8.350000e-01,1.535789e-04,2.144080e+01,0.000000e+00,3.824398e+00,0.000000e+00,1.535789e-04,8.348718e-01,2.526520e+01,8.261084e-01
8.400000e-01,1.888258e-04,2.155294e+01,0.000000e+00,3.969274e+00,0.000000e+00,1.888258e-04,8.398414e-01,2.552221e+01,8.226573e-01
8.450000e-01,2.315181e-04,2.166582e+01,0.000000e+00,4.122169e+00,0.000000e+00,2.315181e-04,8.448044e-01,2.578799e+01,8.189901e-01
8.500000e-01,2.830697e-04,2.177960e+01,0.000000e+00,4.283612e+00,0.000000e+00,2.830697e-04,8.497594e-01,2.606321e+01,8.150946e-01
8.550000e-01,3.451247e-04,2.189442e+01,0.000000e+00,4.454159e+00,0.000000e+00,3.451247e-04,8.547049e-01,2.634858e+01,8.109591e-01
8.600000e-01,4.195854e-04,2.201044e+01,0.000000e+00,4.634388e+00,0.000000e+00,4.195854e-04,8.596392e-01,2.664483e+01,8.065722e-01
8.650000e-01,5.086424e-04,2.212781e+01,0.000000e+00,4.824898e+00,0.000000e+00,5.086424e-04,8.645600e-01,2.695270e+01,8.019232e-01
8.700000e-01,6.148043e-04,2.224667e+01,0.000000e+00,5.026301e+00,0.000000e+00,6.148043e-04,8.694651e-01,2.727297e+01,7.970025e-01
8.750000e-01,7.409284e-04,2.236719e+01,0.000000e+00,5.239221e+00,0.000000e+00,7.409284e-04,8.743517e-01,2.760641e+01,7.918013e-01
8.800000e-01,8.902491e-04,2.248951e+01,0.000000e+00,5.464286e+00,0.000000e+00,8.902491e-04,8.792166e-01,2.795379e+01,7.863124e-01
8.850000e-01,1.066406e-03,2.261377e+01,0.000000e+00,5.702117e+00,0.000000e+00,1.066406e-03,8.840562e-01,2.831588e+01,7.805303e-01
8.900000e-01,1.273465e-03,2.274010e+01,0.000000e+00,5.953321e+00,0.000000e+00,1.273465e-03,8.888666e-01,2.869342e+01,7.744515e-01
8.950000e-01,1.515938e-03,2.286863e+01,0.000000e+00,6.218481e+00,0.000000e+00,1.515938e-03,8.936432e-01,2.908712e+01,7.680748e-01
9.000000e-01,1.798796e-03,2.299947e+01,0.000000e+00,6.498138e+00,0.000000e+00,1.798796e-03,8.983811e-01,2.949761e+01,7.614016e-01
9.050000e-01,2.127463e-03,2.313271e+01,0.000000e+00,6.792781e+00,0.000000e+00,2.127463e-03,9.030746e-01,2.992549e+01,7.544360e-01
9.100000e-01,2.507815e-03,2.326841e+01,0.000000e+00,7.102830e+00,0.000000e+00,2.507815e-03,9.077179e-01,3.037124e+01,7.471855e-01
9.150000e-01,2.946152e-03,2.340661e+01,0.000000e+00,7.428618e+00,0.000000e+00,2.946152e-03,9.123043e-01,3.083523e+01,7.396607e-01
9.200000e-01,3.449162e-03,2.354733e+01,0.000000e+00,7.770375e+00,0.000000e+00,3.449162e-03,9.168268e-01,3.131770e+01,7.318758e-01
9.250000e-01,4.023866e-03,2.369054e+01,0.000000e+00,8.128210e+00,0.000000e+00,4.023866e-03,9.212779e-01,3.181875e+01,7.238482e-01
9.300000e-01,4.677543e-03,2.383619e+01,0.000000e+00,8.502093e+00,0.000000e+00,4.677543e-03,9.256499e-01,3.233828e+01,7.155991e-01
9.350000e-01,5.417645e-03,2.398418e+01,0.000000e+00,8.891840e+00,0.000000e+00,5.417645e-03,9.299345e-01,3.287602e+01,7.071527e-01
9.400000e-01,6.251683e-03,2.413435e+01,0.000000e+00,9.297100e+00,0.000000e+00,6.251683e-03,9.341234e-01,3.343145e+01,6.985364e-01
9.450000e-01,7.187106e-03,2.428654e+01,0.000000e+00,9.717341e+00,0.000000e+00,7.187106e-03,9.382082e-01,3.400388e+01,6.897803e-01
9.500000e-01,8.231161e-03,2.444049e+01,0.000000e+00,1.015185e+01,0.000000e+00,8.231161e-03,9.421804e-01,3.459234e+01,6.809169e-01
9.550000e-01,9.390748e-03,2.459595e+01,0.000000e+00,1.059971e+01,0.000000e+00,9.390748e-03,9.460318e-01,3.519566e+01,6.719805e-01
9.600000e-01,1.067227e-02,2.475259e+01,0.000000e+00,1.105983e+01,0.000000e+00,1.067227e-02,9.497546e-01,3.581242e+01,6.630064e-01
9.650000e-01,1.208146e-02,2.491005e+01,0.000000e+00,1.153095e+01,0.000000e+00,1.208146e-02,9.533414e-01,3.644100e+01,6.540307e-01
9.700000e-01,1.362327e-02,2.506795e+01,0.000000e+00,1.201161e+01,0.000000e+00,1.362327e-02,9.567854e-01,3.707956e+01,6.450895e-01
9.750000e-01,1.530171e-02,2.522587e+01,0.000000e+00,1.250023e+01,0.000000e+00,1.530171e-02,9.600808e-01,3.772609e+01,6.362180e-01
9.800000e-01,1.711976e-02,2.538336e+01,0.000000e+00,1.299509e+01,0.000000e+00,1.711976e-02,9.632226e-01,3.837845e+01,6.274502e-01
9.850000e-01,1.907923e-02,2.553997e+01,0.000000e+00,1.349439e+01,0.000000e+00,1.907923e-02,9.662070e-01,3.903436e+01,6.188183e-01
9.900000e-01,2.118076e-02,2.569525e+01,0.000000e+00,1.399624e+01,0.000000e+00,2.118076e-02,9.690310e-01,3.969149e+01,6.103519e-01
9.950000e-01,2.342377e-02,2.584874e+01,0.000000e+00,1.449875e+01,0.000000e+00,2.342377e-02,9.716933e-01,4.034749e+01,6.020780e-01
1.000000e+00,2.580645e-02,2.600000e+01,0.000000e+00,1.500000e+01,0.000000e+00,2.580645e-02,9.741935e-01,4.100000e+01,5.940205e-01
1.005000e+00,2.832581e-02,2.614860e+01,0.000000e+00,1.549813e+01,0.000000e+00,2.832581e-02,9.765326e-01,4.164674e+01,5.861999e-01
1.010000e+00,3.097776e-02,2.629416e+01,0.000000e+00,1.599135e+01,0.000000e+00,3.097776e-02,9.787125e-01,4.228551e+01,5.786334e-01
1.015000e+00,3.375717e-02,2.643631e+01,0.000000e+00,1.647795e+01,0.000000e+00,3.375717e-02,9.807365e-01,4.291426e+01,5.713348e-01
1.020000e+00,3.665804e-02,2.657472e+01,0.000000e+00,1.695636e+01,0.000000e+00,3.665804e-02,9.826088e-01,4.353109e+01,5.643144e-01
1.025000e+00,3.967360e-02,2.670913e+01,0.000000e+00,1.742515e+01,0.000000e+00,3.967360e-02,9.843346e-01,4.413428e+01,5.575794e-01
1.030000e+00,4.279647e-02,2.683929e+01,0.000000e+00,1.788304e+01,0.000000e+00,4.279647e-02,9.859196e-01,4.472233e+01,5.511339e-01
1.035000e+00,4.601879e-02,2.696502e+01,0.000000e+00,1.832894e+01,0.000000e+00,4.601879e-02,9.873706e-01,4.529396e+01,5.449792e-01
1.040000e+00,4.933240e-02,2.708617e+01,0.000000e+00,1.876191e+01,0.000000e+00,4.933240e-02,9.886943e-01,4.584808e+01,5.391143e-01
1.045000e+00,5.272896e-02,2.720265e+01,0.000000e+00,1.918121e+01,0.000000e+00,5.272896e-02,9.898982e-01,4.638387e+01,5.335358e-01
1.050000e+00,5.620009e-02,2.731441e+01,0.000000e+00,1.958626e+01,0.000000e+00,5.620009e-02,9.909899e-01,4.690067e+01,5.282387e-01
1.055000e+00,5.973749e-02,2.742143e+01,0.000000e+00,1.997663e+01,0.000000e+00,5.973749e-02,9.919770e-01,4.739806e+01,5.232160e-01
1.060000e+00,6.333304e-02,2.752374e+01,0.000000e+00,2.035206e+01,0.000000e+00,6.333304e-02,9.928670e-01,4.787580e+01,5.184597e-01
1.065000e+00,6.697891e-02,2.762137e+01,0.000000e+00,2.071244e+01,0.000000e+00,6.697891e-02,9.936675e-01,4.833382e+01,5.139608e-01
1.070000e+00,7.066758e-02,2.771443e+01,0.000000e+00,2.105777e+01,0.000000e+00,7.066758e-02,9.943857e-01,4.877220e+01,5.097093e-01
1.075000e+00,7.439195e-02,2.780301e+01,0.000000e+00,2.138816e+01,0.000000e+00,7.439195e-02,9.950286e-01,4.919117e+01,5.056948e-01
1.080000e+00,7.814534e-02,2.788723e+01,0.000000e+00,2.170383e+01,0.000000e+00,7.814534e-02,9.956030e-01,4.959106e+01,5.019065e-01
1.085000e+00,8.192154e-02,2.796725e+01,0.000000e+00,2.200507e+01,0.000000e+00,8.192154e-02,9.961151e-01,4.997232e+01,4.983335e-01
1.090000e+00,8.571478e-02,2.804320e+01,0.000000e+00,2.229225e+01,0.000000e+00,8.571478e-02,9.965709e-01,5.033545e+01,4.949647e-01
1.095000e+00,8.951981e-02,2.811526e+01,0.000000e+00,2.256579e+01,0.000000e+00,8.951981e-02,9.969758e-01,5.068105e+01,4.917893e-01
1.100000e+00,9.333180e-02,2.818359e+01,0.000000e+00,2.282614e+01,0.000000e+00,9.333180e-02,9.973350e-01,5.100973e+01,4.887964e-01
1.105000e+00,9.714641e-02,2.824836e+01,0.000000e+00,2.307381e+01,0.000000e+00,9.714641e-02,9.976532e-01,5.132217e+01,4.859758e-01
1.110000e+00,1.009597e-01,2.830974e+01,0.000000e+00,2.330930e+01,0.000000e+00,1.009597e-01,9.979347e-01,5.161904e+01,4.833172e-01
1.115000e+00,1.047682e-01,2.836790e+01,0.000000e+00,2.353315e+01,0.000000e+00,1.047682e-01,9.981835e-01,5.190105e+01,4.808108e-01
1.120000e+00,1.085687e-01,2.842302e+01,0.000000e+00,2.374588e+01,0.000000e+00,1.085687e-01,9.984031e-01,5.216889e+01,4.784475e-01
1.125000e+00,1.123585e-01,2.847525e+01,0.000000e+00,2.394802e+01,0.000000e+00,1.123585e-01,9.985967e-01,5.242327e+01,4.762182e-01
1.130000e+00,1.161351e-01,2.852475e+01,0.000000e+00,2.414011e+01,0.000000e+00,1.161351e-01,9.987673e-01,5.266486e+01,4.741146e-01
1.135000e+00,1.198965e-01,2.857169e+01,0.000000e+00,2.432265e+01,0.000000e+00,1.198965e-01,9.989175e-01,5.289434e+01,4.721287e-01
1.140000e+00,1.236407e-01,2.861620e+01,0.000000e+00,2.449615e+01,0.000000e+00,1.236407e-01,9.990496e-01,5.311236e+01,4.702529e-01
1.145000e+00,1.273661e-01,2.865843e+01,0.000000e+00,2.466110e+01,0.000000e+00,1.273661e-01,9.991658e-01,5.331954e+01,4.684802e-01
1.150000e+00,1.310714e-01,2.869852e+01,0.000000e+00,2.481796e+01,0.000000e+00,1.310714e-01,9.992679e-01,5.351648e+01,4.668038e-01
1.155000e+00,1.347553e-01,2.873658e+01,0.000000e+00,2.496719e+01,0.000000e+00,1.347553e-01,9.993576e-01,5.370378e+01,4.652176e-01
1.160000e+00,1.384170e-01,2.877275e+01,0.000000e+00,2.510921e+01,0.000000e+00,1.384170e-01,9.994363e-01,5.388196e+01,4.637156e-01
1.165000e+00,1.420554e-01,2.880714e+01,0.000000e+00,2.524443e+01,0.000000e+00,1.420554e-01,9.995054e-01,5.405157e+01,4.622925e-01
1.170000e+00,1.456700e-01,2.883984e+01,0.000000e+00,2.537325e+01,0.000000e+00,1.456700e-01,9.995661e-01,5.421309e+01,4.609431e-01
1.175000e+00,1.492602e-01,2.887098e+01,0.000000e+00,2.549602e+01,0.000000e+00,1.492602e-01,9.996193e-01,5.436699e+01,4.596627e-01
1.180000e+00,1.528255e-01,2.890063e+01,0.000000e+00,2.561309e+01,0.000000e+00,1.528255e-01,9.996659e-01,5.451372e+01,4.584469e-01
1.185000e+00,1.563655e-01,2.892889e+01,0.000000e+00,2.572480e+01,0.000000e+00,1.563655e-01,9.997068e-01,5.465370e+01,4.572915e-01
1.190000e+00,1.598801e-01,2.895585e+01,0.000000e+00,2.583145e+01,0.000000e+00,1.598801e-01,9.997427e-01,5.478730e+01,4.561927e-01
1.195000e+00,1.633689e-01,2.898158e+01,0.000000e+00,2.593334e+01,0.000000e+00,1.633689e-01,9.997742e-01,5.491492e+01,4.551469e-01
1.200000e+00,1.668319e-01,2.900615e+01,0.000000e+00,2.603073e+01,0.000000e+00,1.668319e-01,9.998017e-01,5.503688e+01,4.541508e-01
1.205000e+00,1.702690e-01,2.902963e+01,0.000000e+00,2.612389e+01,0.000000e+00,1.702690e-01,9.998259e-01,5.515352e+01,4.532014e-01
1.210000e+00,1.736801e-01,2.905209e+01,0.000000e+00,2.621304e+01,0.000000e+00,1.736801e-01,9.998471e-01,5.526513e+01,4.522956e-01
1.215000e+00,1.770653e-01,2.907358e+01,0.000000e+00,2.629843e+01,0.000000e+00,1.770653e-01,9.998657e-01,5.537202e+01,4.514310e-01
1.220000e+00,1.804246e-01,2.909417e+01,0.000000e+00,2.638026e+01,0.000000e+00,1.804246e-01,9.998820e-01,5.547443e+01,4.506049e-01
1.225000e+00,1.837581e-01,2.911390e+01,0.000000e+00,2.645873e+01,0.000000e+00,1.837581e-01,9.998963e-01,5.557263e+01,4.498151e-01
1.230000e+00,1.870660e-01,2.913282e+01,0.000000e+00,2.653402e+01,0.000000e+00,1.870660e-01,9.999089e-01,5.566684e+01,4.490594e-01
1.235000e+00,1.903483e-01,2.915098e+01,0.000000e+00,2.660632e+01,0.000000e+00,1.903483e-01,9.999199e-01,5.575730e+01,4.483359e-01
1.240000e+00,1.936052e-01,2.916842e+01,0.000000e+00,2.667577e+01,0.000000e+00,1.936052e-01,9.999295e-01,5.584419e+01,4.476426e-01
1.245000e+00,1.968370e-01,2.918518e+01,0.000000e+00,2.674254e+01,0.000000e+00,1.968370e-01,9.999380e-01,5.592772e+01,4.469778e-01
1.250000e+00,2.000437e-01,2.920129e+01,0.000000e+00,2.680677e+01,0.000000e+00,2.000437e-01,9.999454e-01,5.600806e+01,4.463400e-01
1.255000e+00,2.032255e-01,2.921679e+01,0.000000e+00,2.686859e+01,0.000000e+00,2.032255e-01,9.999520e-01,5.608538e+01,4.457276e-01
1.260000e+00,2.063828e-01,2.923172e+01,0.000000e+00,2.692812e+01,0.000000e+00,2.063828e-01,9.999577e-01,5.615984e+01,4.451391e-01
1.265000e+00,2.095156e-01,2.924610e+01,0.000000e+00,2.698549e+01,0.000000e+00,2.095156e-01,9.999627e-01,5.623159e+01,4.445734e-01
1.270000e+00,2.126243e-01,2.925996e+01,0.000000e+00,2.704081e+01,0.000000e+00,2.126243e-01,9.999672e-01,5.630077e+01,4.440291e-01
1.275000e+00,2.157090e-01,2.927333e+01,0.000000e+00,2.709417e+01,0.000000e+00,2.157090e-01,9.999711e-01,5.636751e+01,4.435051e-01
1.280000e+00,2.187699e-01,2.928624e+01,0.000000e+00,2.714568e+01,0.000000e+00,2.187699e-01,9.999745e-01,5.643192e+01,4.430004e-01
1.285000e+00,2.218074e-01,2.929870e+01,0.000000e+00,2.719543e+01,0.000000e+00,2.218074e-01,9.999775e-01,5.649413e+01,4.425139e-01
1.290000e+00,2.248216e-01,2.931073e+01,0.000000e+00,2.724350e+01,0.000000e+00,2.248216e-01,9.999801e-01,5.655424e+01,4.420448e-01
1.295000e+00,2.278128e-01,2.932237e+01,0.000000e+00,2.728998e+01,0.000000e+00,2.278128e-01,9.999825e-01,5.661235e+01,4.415920e-01
1.300000e+00,2.307811e-01,2.933362e+01,0.000000e+00,2.733493e+01,0.000000e+00,2.307811e-01,9.999845e-01,5.666856e+01,4.411549e-01
1.305000e+00,2.337270e-01,2.934451e+01,0.000000e+00,2.737844e+01,0.000000e+00,2.337270e-01,9.999863e-01,5.672295e+01,4.407327e-01
1.310000e+00,2.366504e-01,2.935506e+01,0.000000e+00,2.742056e+01,0.000000e+00,2.366504e-01,9.999879e-01,5.677562e+01,4.403245e-01
1.315000e+00,2.395518e-01,2.936527e+01,0.000000e+00,2.746137e+01,0.000000e+00,2.395518e-01,9.999893e-01,5.682664e+01,4.399298e-01
1.320000e+00,2.424314e-01,2.937516e+01,0.000000e+00,2.750091e+01,0.000000e+00,2.424314e-01,9.999906e-01,5.687608e+01,4.395480e-01
1.325000e+00,2.452893e-01,2.938476e+01,0.000000e+00,2.753926e+01,0.000000e+00,2.452893e-01,9.999916e-01,5.692402e+01,4.391783e-01
1.330000e+00,2.481259e-01,2.939406e+01,0.000000e+00,2.757645e+01,0.000000e+00,2.481259e-01,9.999926e-01,5.697051e+01,4.388202e-01
1.335000e+00,2.509412e-01,2.940309e+01,0.000000e+00,2.761255e+01,0.000000e+00,2.509412e-01,9.999935e-01,5.701564e+01,4.384733e-01
1.340000e+00,2.537357e-01,2.941186e+01,0.000000e+00,2.764759e+01,0.000000e+00,2.537357e-01,9.999942e-01,5.705944e+01,4.381370e-01
1.345000e+00,2.565094e-01,2.942037e+01,0.000000e+00,2.768162e+01,0.000000e+00,2.565094e-01,9.999949e-01,5.710199e+01,4.378109e-01
1.350000e+00,2.592626e-01,2.942864e+01,0.000000e+00,2.771469e+01,0.000000e+00,2.592626e-01,9.999954e-01,5.714333e+01,4.374944e-01
1.355000e+00,2.619956e-01,2.943668e+01,0.000000e+00,2.774683e+01,0.000000e+00,2.619956e-01,9.999960e-01,5.718351e+01,4.371872e-01
1.360000e+00,2.647085e-01,2.944450e+01,0.000000e+00,2.777809e+01,0.000000e+00,2.647085e-01,9.999964e-01,5.722258e+01,4.368889e-01
1.365000e+00,2.674016e-01,2.945210e+01,0.000000e+00,2.780849e+01,0.000000e+00,2.674016e-01,9.999968e-01,5.726059e+01,4.365991e-01
1.370000e+00,2.700751e-01,2.945950e+01,0.000000e+00,2.783807e+01,0.000000e+00,2.700751e-01,9.999972e-01,5.729757e+01,4.363174e-01
1.375000e+00,2.727291e-01,2.946670e+01,0.000000e+00,2.786687e+01,0.000000e+00,2.727291e-01,9.999975e-01,5.733358e+01,4.360436e-01
1.380000e+00,2.753639e-01,2.947371e+01,0.000000e+00,2.789492e+01,0.000000e+00,2.753639e-01,9.999978e-01,5.736863e+01,4.357772e-01
1.385000e+00,2.779798e-01,2.948055e+01,0.000000e+00,2.792224e+01,0.000000e+00,2.779798e-01,9.999980e-01,5.740278e+01,4.355181e-01
1.390000e+00,2.805768e-01,2.948720e+01,0.000000e+00,2.794886e+01,0.000000e+00,2.805768e-01,9.999982e-01,5.743606e+01,4.352659e-01
1.395000e+00,2.831552e-01,2.949369e+01,0.000000e+00,2.797481e+01,0.000000e+00,2.831552e-01,9.999984e-01,5.746850e+01,4.350203e-01
1.400000e+00,2.857153e-01,2.950002e+01,0.000000e+00,2.800011e+01,0.000000e+00,2.857153e-01,9.999986e-01,5.750013e+01,4.347811e-01
1.405000e+00,2.882571e-01,2.950619e+01,0.000000e+00,2.802479e+01,0.000000e+00,2.882571e-01,9.999988e-01,5.753097e+01,4.345480e-01
1.410000e+00,2.907809e-01,2.951221e+01,0.000000e+00,2.804886e+01,0.000000e+00,2.907809e-01,9.999989e-01,5.756107e+01,4.343208e-01
1.415000e+00,2.932869e-01,2.951808e+01,0.000000e+00,2.807236e+01,0.000000e+00,2.932869e-01,9.999990e-01,5.759045e+01,4.340993e-01
1.420000e+00,2.957753e-01,2.952382e+01,0.000000e+00,2.809530e+01,0.000000e+00,2.957753e-01,9.999991e-01,5.761912e+01,4.338834e-01
1.425000e+00,2.982462e-01,2.952942e+01,0.000000e+00,2.811770e+01,0.000000e+00,2.982462e-01,9.999992e-01,5.764712e+01,4.336726e-01
1.430000e+00,3.006998e-01,2.953489e+01,0.000000e+00,2.813959e+01,0.000000e+00,3.006998e-01,9.999993e-01,5.767448e+01,4.334670e-01
1.435000e+00,3.031363e-01,2.954024e+01,0.000000e+00,2.816096e+01,0.000000e+00,3.031363e-01,9.999994e-01,5.770120e+01,4.332663e-01
1.440000e+00,3.055559e-01,2.954546e+01,0.000000e+00,2.818186e+01,0.000000e+00,3.055559e-01,9.999994e-01,5.772732e+01,4.330703e-01
1.445000e+00,3.079588e-01,2.955057e+01,0.000000e+00,2.820228e+01,0.000000e+00,3.079588e-01,9.999995e-01,5.775285e+01,4.328789e-01
1.450000e+00,3.103451e-01,2.955556e+01,0.000000e+00,2.822225e+01,0.000000e+00,3.103451e-01,9.999996e-01,5.777781e+01,4.326919e-01
1.455000e+00,3.127150e-01,2.956044e+01,0.000000e+00,2.824179e+01,0.000000e+00,3.127150e-01,9.999996e-01,5.780223e+01,4.325091e-01
1.460000e+00,3.150687e-01,2.956522e+01,0.000000e+00,2.826089e+01,0.000000e+00,3.150687e-01,9.999996e-01,5.782611e+01,4.323305e-01
1.465000e+00,3.174064e-01,2.956990e+01,0.000000e+00,2.827959e+01,0.000000e+00,3.174064e-01,9.999997e-01,5.784949e+01,4.321558e-01
1.470000e+00,3.197281e-01,2.957447e+01,0.000000e+00,2.829789e+01,0.000000e+00,3.197281e-01,9.999997e-01,5.787236e+01,4.319850e-01
1.475000e+00,3.220341e-01,2.957895e+01,0.000000e+00,2.831581e+01,0.000000e+00,3.220341e-01,9.999997e-01,5.789476e+01,4.318179e-01
1.480000e+00,3.243245e-01,2.958334e+01,0.000000e+00,2.833335e+01,0.000000e+00,3.243245e-01,9.999998e-01,5.791668e+01,4.316545e-01
1.485000e+00,3.265995e-01,2.958763e+01,0.000000e+00,2.835053e+01,0.000000e+00,3.265995e-01,9.999998e-01,5.793816e+01,4.314945e-01
1.490000e+00,3.288592e-01,2.959184e+01,0.000000e+00,2.836736e+01,0.000000e+00,3.288592e-01,9.999998e-01,5.795920e+01,4.313379e-01
1.495000e+00,3.311038e-01,2.959596e+01,0.000000e+00,2.838385e+01,0.000000e+00,3.311038e-01,9.999998e-01,5.797981e+01,4.311845e-01
1.500000e+00,3.333334e-01,2.960000e+01,0.000000e+00,2.840001e+01,0.000000e+00,3.333334e-01,9.999999e-01,5.800001e+01,4.310343e-01
1.505000e+00,3.355483e-01,2.960396e+01,0.000000e+00,2.841585e+01,0.000000e+00,3.355483e-01,9.999999e-01,5.801981e+01,4.308872e-01
1.510000e+00,3.377484e-01,2.960784e+01,0.000000e+00,2.843138e+01,0.000000e+00,3.377484e-01,9.999999e-01,5.803922e+01,4.307431e-01
1.515000e+00,3.399341e-01,2.961165e+01,0.000000e+00,2.844661e+01,0.000000e+00,3.399341e-01,9.999999e-01,5.805826e+01,4.306019e-01
1.520000e+00,3.421053e-01,2.961539e+01,0.000000e+00,2.846154e+01,0.000000e+00,3.421053e-01,9.999999e-01,5.807693e+01,4.304635e-01
1.525000e+00,3.442624e-01,2.961905e+01,0.000000e+00,2.847620e+01,0.000000e+00,3.442624e-01,9.999999e-01,5.809524e+01,4.303278e-01
1.530000e+00,3.464053e-01,2.962264e+01,0.000000e+00,2.849057e+01,0.000000e+00,3.464053e-01,9.999999e-01,5.811321e+01,4.301947e-01
1.535000e+00,3.485342e-01,2.962617e+01,0.000000e+00,2.850468e+01,0.000000e+00,3.485342e-01,9.999999e-01,5.813085e+01,4.300642e-01
1.540000e+00,3.506494e-01,2.962963e+01,0.000000e+00,2.851852e+01,0.000000e+00,3.506494e-01,9.999999e-01,5.814815e+01,4.299362e-01
1.545000e+00,3.527508e-01,2.963303e+01,0.000000e+00,2.853211e+01,0.000000e+00,3.527508e-01,9.999999e-01,5.816514e+01,4.298107e-01
1.550000e+00,3.548387e-01,2.963636e+01,0.000000e+00,2.854546e+01,0.000000e+00,3.548387e-01,1.000000e+00,5.818182e+01,4.296875e-01
1.555000e+00,3.569132e-01,2.963964e+01,0.000000e+00,2.855856e+01,0.000000e+00,3.569132e-01,1.000000e+00,5.819820e+01,4.295665e-01
1.560000e+00,3.589744e-01,2.964286e+01,0.000000e+00,2.857143e+01,0.000000e+00,3.589744e-01,1.000000e+00,5.821429e+01,4.294478e-01
1.565000e+00,3.610224e-01,2.964602e+01,0.000000e+00,2.858407e+01,0.000000e+00,3.610224e-01,1.000000e+00,5.823009e+01,4.293313e-01
1.570000e+00,3.630573e-01,2.964912e+01,0.000000e+00,2.859649e+01,0.000000e+00,3.630573e-01,1.000000e+00,5.824562e+01,4.292168e-01
1.575000e+00,3.650794e-01,2.965217e+01,0.000000e+00,2.860870e+01,0.000000e+00,3.650794e-01,1.000000e+00,5.826087e+01,4.291045e-01
1.580000e+00,3.670886e-01,2.965517e+01,0.000000e+00,2.862069e+01,0.000000e+00,3.670886e-01,1.000000e+00,5.827586e+01,4.289941e-01
1.585000e+00,3.690852e-01,2.965812e+01,0.000000e+00,2.863248e+01,0.000000e+00,3.690852e-01,1.000000e+00,5.829060e+01,4.288856e-01
1.590000e+00,3.710692e-01,2.966102e+01,0.000000e+00,2.864407e+01,0.000000e+00,3.710692e-01,1.000000e+00,5.830509e+01,4.287791e-01
1.595000e+00,3.730408e-01,2.966387e+01,0.000000e+00,2.865546e+01,0.000000e+00,3.730408e-01,1.000000e+00,5.831933e+01,4.286743e-01
1.600000e+00,3.750000e-01,2.966667e+01,0.000000e+00,2.866667e+01,0.000000e+00,3.750000e-01,1.000000e+00,5.833333e+01,4.285714e-01
1.605000e+00,3.769471e-01,2.966942e+01,0.000000e+00,2.867769e+01,0.000000e+00,3.769471e-01,1.000000e+00,5.834711e+01,4.284702e-01
1.610000e+00,3.788820e-01,2.967213e+01,0.000000e+00,2.868853e+01,0.000000e+00,3.788820e-01,1.000000e+00,5.836066e+01,4.283708e-01
1.615000e+00,3.808050e-01,2.967480e+01,0.000000e+00,2.869919e+01,0.000000e+00,3.808050e-01,1.000000e+00,5.837398e+01,4.282730e-01
1.620000e+00,3.827161e-01,2.967742e+01,0.000000e+00,2.870968e+01,0.000000e+00,3.827161e-01,1.000000e+00,5.838710e+01,4.281768e-01
1.625000e+00,3.846154e-01,2.968000e+01,0.000000e+00,2.872000e+01,0.000000e+00,3.846154e-01,1.000000e+00,5.840000e+01,4.280822e-01
1.630000e+00,3.865031e-01,2.968254e+01,0.000000e+00,2.873016e+01,0.000000e+00,3.865031e-01,1.000000e+00,5.841270e+01,4.279891e-01
1.635000e+00,3.883792e-01,2.968504e+01,0.000000e+00,2.874016e+01,0.000000e+00,3.883792e-01,1.000000e+00,5.842520e+01,4.278976e-01
1.640000e+00,3.902439e-01,2.968750e+01,0.000000e+00,2.875000e+01,0.000000e+00,3.902439e-01,1.000000e+00,5.843750e+01,4.278075e-01
1.645000e+00,3.920973e-01,2.968992e+01,0.000000e+00,2.875969e+01,0.000000e+00,3.920973e-01,1.000000e+00,5.844961e+01,4.277188e-01
1.650000e+00,3.939394e-01,2.969231e+01,0.000000e+00,2.876923e+01,0.000000e+00,3.939394e-01,1.000000e+00,5.846154e+01,4.276316e-01
1.655000e+00,3.957704e-01,2.969466e+01,0.000000e+00,2.877863e+01,0.000000e+00,3.957704e-01,1.000000e+00,5.847328e+01,4.275457e-01
1.660000e+00,3.975904e-01,2.969697e+01,0.000000e+00,2.878788e+01,0.000000e+00,3.975904e-01,1.000000e+00,5.848485e+01,4.274611e-01
1.665000e+00,3.993994e-01,2.969925e+01,0.000000e+00,2.879699e+01,0.000000e+00,3.993994e-01,1.000000e+00,5.849624e+01,4.273779e-01
1.670000e+00,4.011976e-01,2.970149e+01,0.000000e+00,2.880597e+01,0.000000e+00,4.011976e-01,1.000000e+00,5.850746e+01,4.272959e-01
1.675000e+00,4.029851e-01,2.970370e+01,0.000000e+00,2.881481e+01,0.000000e+00,4.029851e-01,1.000000e+00,5.851852e+01,4.272152e-01
1.680000e+00,4.047619e-01,2.970588e+01,0.000000e+00,2.882353e+01,0.000000e+00,4.047619e-01,1.000000e+00,5.852941e+01,4.271357e-01
1.685000e+00,4.065282e-01,2.970803e+01,0.000000e+00,2.883212e+01,0.000000e+00,4.065282e-01,1.000000e+00,5.854015e+01,4.270574e-01
1.690000e+00,4.082840e-01,2.971014e+01,0.000000e+00,2.884058e+01,0.000000e+00,4.082840e-01,1.000000e+00,5.855072e+01,4.269802e-01
1.695000e+00,4.100295e-01,2.971223e+01,0.000000e+00,2.884892e+01,0.000000e+00,4.100295e-01,1.000000e+00,5.856115e+01,4.269042e-01
1.700000e+00,4.117647e-01,2.971429e+01,0.000000e+00,2.885714e+01,0.000000e+00,4.117647e-01,1.000000e+00,5.857143e+01,4.268293e-01
1.705000e+00,4.134897e-01,2.971631e+01,0.000000e+00,2.886525e+01,0.000000e+00,4.134897e-01,1.000000e+00,5.858156e+01,4.267554e-01
1.710000e+00,4.152047e-01,2.971831e+01,0.000000e+00,2.887324e+01,0.000000e+00,4.152047e-01,1.000000e+00,5.859155e+01,4.266827e-01
1.715000e+00,4.169096e-01,2.972028e+01,0.000000e+00,2.888112e+01,0.000000e+00,4.169096e-01,1.000000e+00,5.860140e+01,4.266110e-01
1.720000e+00,4.186047e-01,2.972222e+01,0.000000e+00,2.888889e+01,0.000000e+00,4.186047e-01,1.000000e+00,5.861111e+01,4.265403e-01
1.725000e+00,4.202899e-01,2.972414e+01,0.000000e+00,2.889655e+01,0.000000e+00,4.202899e-01,1.000000e+00,5.862069e+01,4.264706e-01
1.730000e+00,4.219653e-01,2.972603e+01,0.000000e+00,2.890411e+01,0.000000e+00,4.219653e-01,1.000000e+00,5.863014e+01,4.264019e-01
1.735000e+00,4.236311e-01,2.972789e+01,0.000000e+00,2.891156e+01,0.000000e+00,4.236311e-01,1.000000e+00,5.863946e+01,4.263341e-01
1.740000e+00,4.252874e-01,2.972973e+01,0.000000e+00,2.891892e+01,0.000000e+00,4.252874e-01,1.000000e+00,5.864865e+01,4.262673e-01
1.745000e+00,4.269341e-01,2.973154e+01,0.000000e+00,2.892617e+01,0.000000e+00,4.269341e-01,1.000000e+00,5.865772e+01,4.262014e-01
1.750000e+00,4.285714e-01,2.973333e+01,0.000000e+00,2.893333e+01,0.000000e+00,4.285714e-01,1.000000e+00,5.866667e+01,4.261364e-01
1.755000e+00,4.301994e-01,2.973510e+01,0.000000e+00,2.894040e+01,0.000000e+00,4.301994e-01,1.000000e+00,5.867550e+01,4.260722e-01
1.760000e+00,4.318182e-01,2.973684e+01,0.000000e+00,2.894737e+01,0.000000e+00,4.318182e-01,1.000000e+00,5.868421e+01,4.260090e-01
1.765000e+00,4.334278e-01,2.973856e+01,0.000000e+00,2.895425e+01,0.000000e+00,4.334278e-01,1.000000e+00,5.869281e+01,4.259465e-01
1.770000e+00,4.350282e-01,2.974026e+01,0.000000e+00,2.896104e+01,0.000000e+00,4.350282e-01,1.000000e+00,5.870130e+01,4.258850e-01
1.775000e+00,4.366197e-01,2.974194e+01,0.000000e+00,2.896774e+01,0.000000e+00,4.366197e-01,1.000000e+00,5.870968e+01,4.258242e-01
1.780000e+00,4.382022e-01,2.974359e+01,0.000000e+00,2.897436e+01,0.000000e+00,4.382022e-01,1.000000e+00,5.871795e+01,4.257642e-01
1.785000e+00,4.397759e-01,2.974522e+01,0.000000e+00,2.898089e+01,0.000000e+00,4.397759e-01,1.000000e+00,5.872611e+01,4.257050e-01
1.790000e+00,4.413408e-01,2.974684e+01,0.000000e+00,2.898734e+01,0.000000e+00,4.413408e-01,1.000000e+00,5.873418e+01,4.256466e-01
1.795000e+00,4.428969e-01,2.974843e+01,0.000000e+00,2.899371e+01,0.000000e+00,4.428969e-01,1.000000e+00,5.874214e+01,4.255889e-01
1.800000e+00,4.444444e-01,2.975000e+01,0.000000e+00,2.900000e+01,0.000000e+00,4.444444e-01,1.000000e+00,5.875000e+01,4.255319e-01
1.805000e+00,4.459834e-01,2.975155e+01,0.000000e+00,2.900621e+01,0.000000e+00,4.459834e-01,1.000000e+00,5.875776e+01,4.254757e-01
1.810000e+00,4.475138e-01,2.975309e+01,0.000000e+00,2.901235e+01,0.000000e+00,4.475138e-01,1.000000e+00,5.876543e+01,4.254202e-01
1.815000e+00,4.490358e-01,2.975460e+01,0.000000e+00,2.901840e+01,0.000000e+00,4.490358e-01,1.000000e+00,5.877301e+01,4.253653e-01
1.820000e+00,4.505495e-01,2.975610e+01,0.000000e+00,2.902439e+01,0.000000e+00,4.505495e-01,1.000000e+00,5.878049e+01,4.253112e-01
1.825000e+00,4.520548e-01,2.975758e+01,0.000000e+00,2.903030e+01,0.000000e+00,4.520548e-01,1.000000e+00,5.878788e+01,4.252577e-01
1.830000e+00,4.535519e-01,2.975904e+01,0.000000e+00,2.903614e+01,0.000000e+00,4.535519e-01,1.000000e+00,5.879518e+01,4.252049e-01
1.835000e+00,4.550409e-01,2.976048e+01,0.000000e+00,2.904192e+01,0.000000e+00,4.550409e-01,1.000000e+00,5.880240e+01,4.251527e-01
1.840000e+00,4.565217e-01,2.976190e+01,0.000000e+00,2.904762e+01,0.000000e+00,4.565217e-01,1.000000e+00,5.880952e+01,4.251012e-01
1.845000e+00,4.579946e-01,2.976331e+01,0.000000e+00,2.905325e+01,0.000000e+00,4.579946e-01,1.000000e+00,5.881657e+01,4.250503e-01
1.850000e+00,4.594595e-01,2.976471e+01,0.000000e+00,2.905882e+01,0.000000e+00,4.594595e-01,1.000000e+00,5.882353e+01,4.250000e-01
1.855000e+00,4.609164e-01,2.976608e+01,0.000000e+00,2.906433e+01,0.000000e+00,4.609164e-01,1.000000e+00,5.883041e+01,4.249503e-01
1.860000e+00,4.623656e-01,2.976744e+01,0.000000e+00,2.906977e+01,0.000000e+00,4.623656e-01,1.000000e+00,5.883721e+01,4.249012e-01
1.865000e+00,4.638070e-01,2.976879e+01,0.000000e+00,2.907514e+01,0.000000e+00,4.638070e-01,1.000000e+00,5.884393e+01,4.248527e-01
1.870000e+00,4.652406e-01,2.977011e+01,0.000000e+00,2.908046e+01,0.000000e+00,4.652406e-01,1.000000e+00,5.885057e+01,4.248047e-01
1.875000e+00,4.666667e-01,2.977143e+01,0.000000e+00,2.908571e+01,0.000000e+00,4.666667e-01,1.000000e+00,5.885714e+01,4.247573e-01
1.880000e+00,4.680851e-01,2.977273e+01,0.000000e+00,2.909091e+01,0.000000e+00,4.680851e-01,1.000000e+00,5.886364e+01,4.247104e-01
1.885000e+00,4.694960e-01,2.977401e+01,0.000000e+00,2.909605e+01,0.000000e+00,4.694960e-01,1.000000e+00,5.887006e+01,4.246641e-01
1.890000e+00,4.708995e-01,2.977528e+01,0.000000e+00,2.910112e+01,0.000000e+00,4.708995e-01,1.000000e+00,5.887640e+01,4.246183e-01
1.895000e+00,4.722955e-01,2.977654e+01,0.000000e+00,2.910615e+01,0.000000e+00,4.722955e-01,1.000000e+00,5.888268e+01,4.245731e-01
1.900000e+00,4.736842e-01,2.977778e+01,0.000000e+00,2.911111e+01,0.000000e+00,4.736842e-01,1.000000e+00,5.888889e+01,4.245283e-01
1.905000e+00,4.750656e-01,2.977901e+01,0.000000e+00,2.911602e+01,0.000000e+00,4.750656e-01,1.000000e+00,5.889503e+01,4.244841e-01
1.910000e+00,4.764398e-01,2.978022e+01,0.000000e+00,2.912088e+01,0.000000e+00,4.764398e-01,1.000000e+00,5.890110e+01,4.244403e-01
1.915000e+00,4.778068e-01,2.978142e+01,0.000000e+00,2.912568e+01,0.000000e+00,4.778068e-01,1.000000e+00,5.890710e+01,4.243970e-01
1.920000e+00,4.791667e-01,2.978261e+01,0.000000e+00,2.913043e+01,0.000000e+00,4.791667e-01,1.000000e+00,5.891304e+01,4.243542e-01
1.925000e+00,4.805195e-01,2.978378e+01,0.000000e+00,2.913514e+01,0.000000e+00,4.805195e-01,1.000000e+00,5.891892e+01,4.243119e-01
1.930000e+00,4.818653e-01,2.978495e+01,0.000000e+00,2.913978e+01,0.000000e+00,4.818653e-01,1.000000e+00,5.892473e+01,4.242701e-01
1.935000e+00,4.832041e-01,2.978610e+01,0.000000e+00,2.914439e+01,0.000000e+00,4.832041e-01,1.000000e+00,5.893048e+01,4.242287e-01
1.940000e+00,4.845361e-01,2.978723e+01,0.000000e+00,2.914894e+01,0.000000e+00,4.845361e-01,1.000000e+00,5.893617e+01,4.241877e-01
1.945000e+00,4.858612e-01,2.978836e+01,0.000000e+00,2.915344e+01,0.000000e+00,4.858612e-01,1.000000e+00,5.894180e+01,4.241472e-01
1.950000e+00,4.871795e-01,2.978947e+01,0.000000e+00,2.915789e+01,0.000000e+00,4.871795e-01,1.000000e+00,5.894737e+01,4.241071e-01
1.955000e+00,4.884910e-01,2.979058e+01,0.000000e+00,2.916230e+01,0.000000e+00,4.884910e-01,1.000000e+00,5.895288e+01,4.240675e-01
1.960000e+00,4.897959e-01,2.979167e+01,0.000000e+00,2.916667e+01,0.000000e+00,4.897959e-01,1.000000e+00,5.895833e+01,4.240283e-01
1.965000e+00,4.910941e-01,2.979275e+01,0.000000e+00,2.917098e+01,0.000000e+00,4.910941e-01,1.000000e+00,5.896373e+01,4.239895e-01
1.970000e+00,4.923858e-01,2.979381e+01,0.000000e+00,2.917526e+01,0.000000e+00,4.923858e-01,1.000000e+00,5.896907e+01,4.239510e-01
1.975000e+00,4.936709e-01,2.979487e+01,0.000000e+00,2.917949e+01,0.000000e+00,4.936709e-01,1.000000e+00,5.897436e+01,4.239130e-01
1.980000e+00,4.949495e-01,2.979592e+01,0.000000e+00,2.918367e+01,0.000000e+00,4.949495e-01,1.000000e+00,5.897959e+01,4.238754e-01
1.985000e+00,4.962217e-01,2.979695e+01,0.000000e+00,2.918782e+01,0.000000e+00,4.962217e-01,1.000000e+00,5.898477e+01,4.238382e-01
1.990000e+00,4.974874e-01,2.979798e+01,0.000000e+00,2.919192e+01,0.000000e+00,4.974874e-01,1.000000e+00,5.898990e+01,4.238014e-01
1.995000e+00,4.987469e-01,2.979899e+01,0.000000e+00,2.919598e+01,0.000000e+00,4.987469e-01,1.000000e+00,5.899497e+01,4.237649e-01
2.000000e+00,5.000000e-01,2.980000e+01,0.000000e+00,2.920000e+01,0.000000e+00,5.000000e-01,1.000000e+00,5.900000e+01,4.237288e-01
2.005000e+00,5.012469e-01,2.980100e+01,0.000000e+00,2.920398e+01,0.000000e+00,5.012469e-01,1.000000e+00,5.900498e+01,4.236931e-01
2.010000e+00,5.024876e-01,2.980198e+01,0.000000e+00,2.920792e+01,0.000000e+00,5.024876e-01,1.000000e+00,5.900990e+01,4.236577e-01
2.015000e+00,5.037221e-01,2.980296e+01,0.000000e+00,2.921182e+01,0.000000e+00,5.037221e-01,1.000000e+00,5.901478e+01,4.236227e-01
2.020000e+00,5.049505e-01,2.980392e+01,0.000000e+00,2.921569e+01,0.000000e+00,5.049505e-01,1.000000e+00,5.901961e+01,4.235880e-01
2.025000e+00,5.061728e-01,2.980488e+01,0.000000e+00,2.921951e+01,0.000000e+00,5.061728e-01,1.000000e+00,5.902439e+01,4.235537e-01
2.030000e+00,5.073892e-01,2.980583e+01,0.000000e+00,2.922330e+01,0.000000e+00,5.073892e-01,1.000000e+00,5.902913e+01,4.235197e-01
2.035000e+00,5.085995e-01,2.980676e+01,0.000000e+00,2.922705e+01,0.000000e+00,5.085995e-01,1.000000e+00,5.903382e+01,4.234861e-01
2.040000e+00,5.098039e-01,2.980769e+01,0.000000e+00,2.923077e+01,0.000000e+00,5.098039e-01,1.000000e+00,5.903846e+01,4.234528e-01
2.045000e+00,5.110024e-01,2.980861e+01,0.000000e+00,2.923445e+01,0.000000e+00,5.110024e-01,1.000000e+00,5.904306e+01,4.234198e-01
2.050000e+00,5.121951e-01,2.980952e+01,0.000000e+00,2.923810e+01,0.000000e+00,5.121951e-01,1.000000e+00,5.904762e+01,4.233871e-01
2.055000e+00,5.133820e-01,2.981043e+01,0.000000e+00,2.924171e+01,0.000000e+00,5.133820e-01,1.000000e+00,5.905213e+01,4.233547e-01
2.060000e+00,5.145631e-01,2.981132e+01,0.000000e+00,2.924528e+01,0.000000e+00,5.145631e-01,1.000000e+00,5.905660e+01,4.233227e-01
2.065000e+00,5.157385e-01,2.981221e+01,0.000000e+00,2.924883e+01,0.000000e+00,5.157385e-01,1.000000e+00,5.906103e+01,4.232909e-01
2.070000e+00,5.169082e-01,2.981308e+01,0.000000e+00,2.925234e+01,0.000000e+00,5.169082e-01,1.000000e+00,5.906542e+01,4.232595e-01
2.075000e+00,5.180723e-01,2.981395e+01,0.000000e+00,2.925581e+01,0.000000e+00,5.180723e-01,1.000000e+00,5.906977e+01,4.232283e-01
2.080000e+00,5.192308e-01,2.981481e+01,0.000000e+00,2.925926e+01,0.000000e+00,5.192308e-01,1.000000e+00,5.907407e+01,4.231975e-01
2.085000e+00,5.203837e-01,2.981567e+01,0.000000e+00,2.926267e+01,0.000000e+00,5.203837e-01,1.000000e+00,5.907834e+01,4.231669e-01
2.090000e+00,5.215311e-01,2.981651e+01,0.000000e+00,2.926606e+01,0.000000e+00,5.215311e-01,1.000000e+00,5.908257e+01,4.231366e-01
2.095000e+00,5.226730e-01,2.981735e+01,0.000000e+00,2.926941e+01,0.000000e+00,5.226730e-01,1.000000e+00,5.908676e+01,4.231066e-01
2.100000e+00,5.238095e-01,2.981818e+01,0.000000e+00,2.927273e+01,0.000000e+00,5.238095e-01,1.000000e+00,5.909091e+01,4.230769e-01
2.105000e+00,5.249406e-01,2.981900e+01,0.000000e+00,2.927602e+01,0.000000e+00,5.249406e-01,1.000000e+00,5.909502e+01,4.230475e-01
2.110000e+00,5.260664e-01,2.981982e+01,0.000000e+00,2.927928e+01,0.000000e+00,5.260664e-01,1.000000e+00,5.909910e+01,4.230183e-01
2.115000e+00,5.271868e-01,2.982063e+01,0.000000e+00,2.928251e+01,0.000000e+00,5.271868e-01,1.000000e+00,5.910314e+01,4.229894e-01
2.120000e+00,5.283019e-01,2.982143e+01,0.000000e+00,2.928571e+01,0.000000e+00,5.283019e-01,1.000000e+00,5.910714e+01,4.229607e-01
2.125000e+00,5.294118e-01,2.982222e+01,0.000000e+00,2.928889e+01,0.000000e+00,5.294118e-01,1.000000e+00,5.911111e+01,4.229323e-01
2.130000e+00,5.305164e-01,2.982301e+01,0.000000e+00,2.929204e+01,0.000000e+00,5.305164e-01,1.000000e+00,5.911504e+01,4.229042e-01
2.135000e+00,5.316159e-01,2.982379e+01,0.000000e+00,2.929515e+01,0.000000e+00,5.316159e-01,1.000000e+00,5.911894e+01,4.228763e-01
2.140000e+00,5.327103e-01,2.982456e+01,0.000000e+00,2.929825e+01,0.000000e+00,5.327103e-01,1.000000e+00,5.912281e+01,4.228487e-01
2.145000e+00,5.337995e-01,2.982533e+01,0.000000e+00,2.930131e+01,0.000000e+00,5.337995e-01,1.000000e+00,5.912664e+01,4.228213e-01
2.150000e+00,5.348837e-01,2.982609e+01,0.000000e+00,2.930435e+01,0.000000e+00,5.348837e-01,1.000000e+00,5.913043e+01,4.227941e-01
2.155000e+00,5.359629e-01,2.982684e+01,0.000000e+00,2.930736e+01,0.000000e+00,5.359629e-01,1.000000e+00,5.913420e+01,4.227672e-01
2.160000e+00,5.370370e-01,2.982759e+01,0.000000e+00,2.931034e+01,0.000000e+00,5.370370e-01,1.000000e+00,5.913793e+01,4.227405e-01
2.165000e+00,5.381062e-01,2.982833e+01,0.000000e+00,2.931330e+01,0.000000e+00,5.381062e-01,1.000000e+00,5.914163e+01,4.227141e-01
2.170000e+00,5.391705e-01,2.982906e+01,0.000000e+00,2.931624e+01,0.000000e+00,5.391705e-01,1.000000e+00,5.914530e+01,4.226879e-01
2.175000e+00,5.402299e-01,2.982979e+01,0.000000e+00,2.931915e+01,0.000000e+00,5.402299e-01,1.000000e+00,5.914894e+01,4.226619e-01
2.180000e+00,5.412844e-01,2.983051e+01,0.000000e+00,2.932203e+01,0.000000e+00,5.412844e-01,1.000000e+00,5.915254e+01,4.226361e-01
2.185000e+00,5.423341e-01,2.983122e+01,0.000000e+00,2.932489e+01,0.000000e+00,5.423341e-01,1.000000e+00,5.915612e+01,4.226106e-01
2.190000e+00,5.433790e-01,2.983193e+01,0.000000e+00,2.932773e+01,0.000000e+00,5.433790e-01,1.000000e+00,5.915966e+01,4.225852e-01
2.195000e+00,5.444191e-01,2.983264e+01,0.000000e+00,2.933054e+01,0.000000e+00,5.444191e-01,1.000000e+00,5.916318e+01,4.225601e-01
2.200000e+00,5.454545e-01,2.983333e+01,0.000000e+00,2.933333e+01,0.000000e+00,5.454545e-01,1.000000e+00,5.916667e+01,4.225352e-01
2.205000e+00,5.464853e-01,2.983402e+01,0.000000e+00,2.933610e+01,0.000000e+00,5.464853e-01,1.000000e+00,5.917012e+01,4.225105e-01
2.210000e+00,5.475113e-01,2.983471e+01,0.000000e+00,2.933884e+01,0.000000e+00,5.475113e-01,1.000000e+00,5.917355e+01,4.224860e-01
2.215000e+00,5.485327e-01,2.983539e+01,0.000000e+00,2.934156e+01,0.000000e+00,5.485327e-01,1.000000e+00,5.917695e+01,4.224618e-01
2.220000e+00,5.495495e-01,2.983607e+01,0.000000e+00,2.934426e+01,0.000000e+00,5.495495e-01,1.000000e+00,5.918033e+01,4.224377e-01
2.225000e+00,5.505618e-01,2.983673e+01,0.000000e+00,2.934694e+01,0.000000e+00,5.505618e-01,1.000000e+00,5.918367e+01,4.224138e-01
2.230000e+00,5.515695e-01,2.983740e+01,0.000000e+00,2.934959e+01,0.000000e+00,5.515695e-01,1.000000e+00,5.918699e+01,4.223901e-01
2.235000e+00,5.525727e-01,2.983806e+01,0.000000e+00,2.935223e+01,0.000000e+00,5.525727e-01,1.000000e+00,5.919028e+01,4.223666e-01
2.240000e+00,5.535714e-01,2.983871e+01,0.000000e+00,2.935484e+01,0.000000e+00,5.535714e-01,1.000000e+00,5.919355e+01,4.223433e-01
2.245000e+00,5.545657e-01,2.983936e+01,0.000000e+00,2.935743e+01,0.000000e+00,5.545657e-01,1.000000e+00,5.919679e+01,4.223202e-01
2.250000e+00,5.555556e-01,2.984000e+01,0.000000e+00,2.936000e+01,0.000000e+00,5.555556e-01,1.000000e+00,5.920000e+01,4.222973e-01
2.255000e+00,5.565410e-01,2.984064e+01,0.000000e+00,2.936255e+01,0.000000e+00,5.565410e-01,1.000000e+00,5.920319e+01,4.222746e-01
2.260000e+00,5.575221e-01,2.984127e+01,0.000000e+00,2.936508e+01,0.000000e+00,5.575221e-01,1.000000e+00,5.920635e+01,4.222520e-01
2.265000e+00,5.584989e-01,2.984190e+01,0.000000e+00,2.936759e+01,0.000000e+00,5.584989e-01,1.000000e+00,5.920949e+01,4.222296e-01
2.270000e+00,5.594714e-01,2.984252e+01,0.000000e+00,2.937008e+01,0.000000e+00,5.594714e-01,1.000000e+00,5.921260e+01,4.222074e-01
2.275000e+00,5.604396e-01,2.984314e+01,0.000000e+00,2.937255e+01,0.000000e+00,5.604396e-01,1.000000e+00,5.921569e+01,4.221854e-01
2.280000e+00,5.614035e-01,2.984375e+01,0.000000e+00,2.937500e+01,0.000000e+00,5.614035e-01,1.000000e+00,5.921875e+01,4.221636e-01
2.285000e+00,5.623632e-01,2.984436e+01,0.000000e+00,2.937743e+01,0.000000e+00,5.623632e-01,1.000000e+00,5.922179e+01,4.221419e-01
2.290000e+00,5.633188e-01,2.984496e+01,0.000000e+00,2.937984e+01,0.000000e+00,5.633188e-01,1.000000e+00,5.922481e+01,4.221204e-01
2.295000e+00,5.642702e-01,2.984556e+01,0.000000e+00,2.938224e+01,0.000000e+00,5.642702e-01,1.000000e+00,5.922780e+01,4.220991e-01
2.300000e+00,5.652174e-01,2.984615e+01,0.000000e+00,2.938462e+01,0.000000e+00,5.652174e-01,1.000000e+00,5.923077e+01,4.220779e-01
2.305000e+00,5.661605e-01,2.984674e+01,0.000000e+00,2.938697e+01,0.000000e+00,5.661605e-01,1.000000e+00,5.923372e+01,4.220569e-01
2.310000e+00,5.670996e-01,2.984733e+01,0.000000e+00,2.938931e+01,0.000000e+00,5.670996e-01,1.000000e+00,5.923664e+01,4.220361e-01
2.315000e+00,5.680346e-01,2.984791e+01,0.000000e+00,2.939163e+01,0.000000e+00,5.680346e-01,1.000000e+00,5.923954e+01,4.220154e-01
2.320000e+00,5.689655e-01,2.984848e+01,0.000000e+00,2.939394e+01,0.000000e+00,5.689655e-01,1.000000e+00,5.924242e+01,4.219949e-01
2.325000e+00,5.698925e-01,2.984906e+01,0.000000e+00,2.939623e+01,0.000000e+00,5.698925e-01,1.000000e+00,5.924528e+01,4.219745e-01
2.330000e+00,5.708155e-01,2.984962e+01,0.000000e+00,2.939850e+01,0.000000e+00,5.708155e-01,1.000000e+00,5.924812e+01,4.219543e-01
2.335000e+00,5.717345e-01,2.985019e+01,0.000000e+00,2.940075e+01,0.000000e+00,5.717345e-01,1.000000e+00,5.925094e+01,4.219343e-01
2.340000e+00,5.726496e-01,2.985075e+01,0.000000e+00,2.940299e+01,0.000000e+00,5.726496e-01,1.000000e+00,5.925373e+01,4.219144e-01
2.345000e+00,5.735608e-01,2.985130e+01,0.000000e+00,2.940520e+01,0.000000e+00,5.735608e-01,1.000000e+00,5.925651e+01,4.218946e-01
2.350000e+00,5.744681e-01,2.985185e+01,0.000000e+00,2.940741e+01,0.000000e+00,5.744681e-01,1.000000e+00,5.925926e+01,4.218750e-01
2.355000e+00,5.753715e-01,2.985240e+01,0.000000e+00,2.940959e+01,0.000000e+00,5.753715e-01,1.000000e+00,5.926199e+01,4.218555e-01
2.360000e+00,5.762712e-01,2.985294e+01,0.000000e+00,2.941176e+01,0.000000e+00,5.762712e-01,1.000000e+00,5.926471e+01,4.218362e-01
2.365000e+00,5.771670e-01,2.985348e+01,0.000000e+00,2.941392e+01,0.000000e+00,5.771670e-01,1.000000e+00,5.926740e+01,4.218171e-01
2.370000e+00,5.780591e-01,2.985401e+01,0.000000e+00,2.941606e+01,0.000000e+00,5.780591e-01,1.000000e+00,5.927007e+01,4.217980e-01
2.375000e+00,5.789474e-01,2.985455e+01,0.000000e+00,2.941818e+01,0.000000e+00,5.789474e-01,1.000000e+00,5.927273e+01,4.217791e-01
2.380000e+00,5.798319e-01,2.985507e+01,0.000000e+00,2.942029e+01,0.000000e+00,5.798319e-01,1.000000e+00,5.927536e+01,4.217604e-01
2.385000e+00,5.807128e-01,2.985560e+01,0.000000e+00,2.942238e+01,0.000000e+00,5.807128e-01,1.000000e+00,5.927798e+01,4.217418e-01
2.390000e+00,5.815900e-01,2.985612e+01,0.000000e+00,2.942446e+01,0.000000e+00,5.815900e-01,1.000000e+00,5.928058e+01,4.217233e-01
2.395000e+00,5.824635e-01,2.985663e+01,0.000000e+00,2.942652e+01,0.000000e+00,5.824635e-01,1.000000e+00,5.928315e+01,4.217050e-01
2.400000e+00,5.833333e-01,2.985714e+01,0.000000e+00,2.942857e+01,0.000000e+00,5.833333e-01,1.000000e+00,5.928571e+01,4.216867e-01
2.405000e+00,5.841996e-01,2.985765e+01,0.000000e+00,2.943060e+01,0.000000e+00,5.841996e-01,1.000000e+00,5.928826e+01,4.216687e-01
2.410000e+00,5.850622e-01,2.985816e+01,0.000000e+00,2.943262e+01,0.000000e+00,5.850622e-01,1.000000e+00,5.929078e+01,4.216507e-01
2.415000e+00,5.859213e-01,2.985866e+01,0.000000e+00,2.943463e+01,0.000000e+00,5.859213e-01,1.000000e+00,5.929329e+01,4.216329e-01
2.420000e+00,5.867769e-01,2.985915e+01,0.000000e+00,2.943662e+01,0.000000e+00,5.867769e-01,1.000000e+00,5.929577e+01,4.216152e-01
2.425000e+00,5.876289e-01,2.985965e+01,0.000000e+00,2.943860e+01,0.000000e+00,5.876289e-01,1.000000e+00,5.929825e+01,4.215976e-01
2.430000e+00,5.884774e-01,2.986014e+01,0.000000e+00,2.944056e+01,0.000000e+00,5.884774e-01,1.000000e+00,5.930070e+01,4.215802e-01
2.435000e+00,5.893224e-01,2.986063e+01,0.000000e+00,2.944251e+01,0.000000e+00,5.893224e-01,1.000000e+00,5.930314e+01,4.215629e-01
2.440000e+00,5.901639e-01,2.986111e+01,0.000000e+00,2.944444e+01,0.000000e+00,5.901639e-01,1.000000e+00,5.930556e+01,4.215457e-01
2.445000e+00,5.910020e-01,2.986159e+01,0.000000e+00,2.944637e+01,0.000000e+00,5.910020e-01,1.000000e+00,5.930796e+01,4.215286e-01
2.450000e+00,5.918367e-01,2.986207e+01,0.000000e+00,2.944828e+01,0.000000e+00,5.918367e-01,1.000000e+00,5.931034e+01,4.215116e-01
2.455000e+00,5.926680e-01,2.986254e+01,0.000000e+00,2.945017e+01,0.000000e+00,5.926680e-01,1.000000e+00,5.931271e+01,4.214948e-01
2.460000e+00,5.934959e-01,2.986301e+01,0.000000e+00,2.945205e+01,0.000000e+00,5.934959e-01,1.000000e+00,5.931507e+01,4.214781e-01
2.465000e+00,5.943205e-01,2.986348e+01,0.000000e+00,2.945392e+01,0.000000e+00,5.943205e-01,1.000000e+00,5.931741e+01,4.214614e-01
2.470000e+00,5.951417e-01,2.986395e+01,0.000000e+00,2.945578e+01,0.000000e+00,5.951417e-01,1.000000e+00,5.931973e+01,4.214450e-01
2.475000e+00,5.959596e-01,2.986441e+01,0.000000e+00,2.945763e+01,0.000000e+00,5.959596e-01,1.000000e+00,5.932203e+01,4.214286e-01
2.480000e+00,5.967742e-01,2.986486e+01,0.000000e+00,2.945946e+01,0.000000e+00,5.967742e-01,1.000000e+00,5.932432e+01,4.214123e-01
2.485000e+00,5.975855e-01,2.986532e+01,0.000000e+00,2.946128e+01,0.000000e+00,5.975855e-01,1.000000e+00,5.932660e+01,4.213961e-01
2.490000e+00,5.983936e-01,2.986577e+01,0.000000e+00,2.946309e+01,0.000000e+00,5.983936e-01,1.000000e+00,5.932886e+01,4.213801e-01
2.495000e+00,5.991984e-01,2.986622e+01,0.000000e+00,2.946488e+01,0.000000e+00,5.991984e-01,1.000000e+00,5.933110e+01,4.213641e-01
2.500000e+00,6.000000e-01,2.986667e+01,0.000000e+00,2.946667e+01,0.000000e+00,6.000000e-01,1.000000e+00,5.933333e+01,4.213483e-01
2.505000e+00,6.007984e-01,2.986711e+01,0.000000e+00,2.946844e+01,0.000000e+00,6.007984e-01,1.000000e+00,5.933555e+01,4.213326e-01
2.510000e+00,6.015936e-01,2.986755e+01,0.000000e+00,2.947020e+01,0.000000e+00,6.015936e-01,1.000000e+00,5.933775e+01,4.213170e-01
2.515000e+00,6.023857e-01,2.986799e+01,0.000000e+00,2.947195e+01,0.000000e+00,6.023857e-01,1.000000e+00,5.933993e+01,4.213014e-01
2.520000e+00,6.031746e-01,2.986842e+01,0.000000e+00,2.947368e+01,0.000000e+00,6.031746e-01,1.000000e+00,5.934211e+01,4.212860e-01
2.525000e+00,6.039604e-01,2.986885e+01,0.000000e+00,2.947541e+01,0.000000e+00,6.039604e-01,1.000000e+00,5.934426e+01,4.212707e-01
2.530000e+00,6.047431e-01,2.986928e+01,0.000000e+00,2.947712e+01,0.000000e+00,6.047431e-01,1.000000e+00,5.934641e+01,4.212555e-01
2.535000e+00,6.055227e-01,2.986971e+01,0.000000e+00,2.947883e+01,0.000000e+00,6.055227e-01,1.000000e+00,5.934853e+01,4.212404e-01
2.540000e+00,6.062992e-01,2.987013e+01,0.000000e+00,2.948052e+01,0.000000e+00,6.062992e-01,1.000000e+00,5.935065e+01,4.212254e-01
2.545000e+00,6.070727e-01,2.987055e+01,0.000000e+00,2.948220e+01,0.000000e+00,6.070727e-01,1.000000e+00,5.935275e+01,4.212105e-01
2.550000e+00,6.078431e-01,2.987097e+01,0.000000e+00,2.948387e+01,0.000000e+00,6.078431e-01,1.000000e+00,5.935484e+01,4.211957e-01
2.555000e+00,6.086106e-01,2.987138e+01,0.000000e+00,2.948553e+01,0.000000e+00,6.086106e-01,1.000000e+00,5.935691e+01,4.211809e-01
2.560000e+00,6.093750e-01,2.987179e+01,0.000000e+00,2.948718e+01,0.000000e+00,6.093750e-01,1.000000e+00,5.935897e+01,4.211663e-01
2.565000e+00,6.101365e-01,2.987220e+01,0.000000e+00,2.948882e+01,0.000000e+00,6.101365e-01,1.000000e+00,5.936102e+01,4.211518e-01
2.570000e+00,6.108949e-01,2.987261e+01,0.000000e+00,2.949045e+01,0.000000e+00,6.108949e-01,1.000000e+00,5.936306e+01,4.211373e-01
2.575000e+00,6.116505e-01,2.987302e+01,0.000000e+00,2.949206e+01,0.000000e+00,6.116505e-01,1.000000e+00,5.936508e+01,4.211230e-01
2.580000e+00,6.124031e-01,2.987342e+01,0.000000e+00,2.949367e+01,0.000000e+00,6.124031e-01,1.000000e+00,5.936709e+01,4.211087e-01
2.585000e+00,6.131528e-01,2.987382e+01,0.000000e+00,2.949527e+01,0.000000e+00,6.131528e-01,1.000000e+00,5.936909e+01,4.210946e-01
2.590000e+00,6.138996e-01,2.987421e+01,0.000000e+00,2.949686e+01,0.000000e+00,6.138996e-01,1.000000e+00,5.937107e+01,4.210805e-01
2.595000e+00,6.146435e-01,2.987461e+01,0.000000e+00,2.949843e+01,0.000000e+00,6.146435e-01,1.000000e+00,5.937304e+01,4.210665e-01
2.600000e+00,6.153846e-01,2.987500e+01,0.000000e+00,2.950000e+01,0.000000e+00,6.153846e-01,1.000000e+00,5.937500e+01,4.210526e-01
2.605000e+00,6.161228e-01,2.987539e+01,0.000000e+00,2.950156e+01,0.000000e+00,6.161228e-01,1.000000e+00,5.937695e+01,4.210388e-01
2.610000e+00,6.168582e-01,2.987578e+01,0.000000e+00,2.950311e+01,0.000000e+00,6.168582e-01,1.000000e+00,5.937888e+01,4.210251e-01
2.615000e+00,6.175908e-01,2.987616e+01,0.000000e+00,2.950464e+01,0.000000e+00,6.175908e-01,1.000000e+00,5.938080e+01,4.210115e-01
2.620000e+00,6.183206e-01,2.987654e+01,0.000000e+00,2.950617e+01,0.000000e+00,6.183206e-01,1.000000e+00,5.938272e+01,4.209979e-01
2.625000e+00,6.190476e-01,2.987692e+01,0.000000e+00,2.950769e+01,0.000000e+00,6.190476e-01,1.000000e+00,5.938462e+01,4.209845e-01
2.630000e+00,6.197719e-01,2.987730e+01,0.000000e+00,2.950920e+01,0.000000e+00,6.197719e-01,1.000000e+00,5.938650e+01,4.209711e-01
2.635000e+00,6.204934e-01,2.987768e+01,0.000000e+00,2.951070e+01,0.000000e+00,6.204934e-01,1.000000e+00,5.938838e+01,4.209578e-01
2.640000e+00,6.212121e-01,2.987805e+01,0.000000e+00,2.951220e+01,0.000000e+00,6.212121e-01,1.000000e+00,5.939024e+01,4.209446e-01
2.645000e+00,6.219282e-01,2.987842e+01,0.000000e+00,2.951368e+01,0.000000e+00,6.219282e-01,1.000000e+00,5.939210e+01,4.209314e-01
2.650000e+00,6.226415e-01,2.987879e+01,0.000000e+00,2.951515e+01,0.000000e+00,6.226415e-01,1.000000e+00,5.939394e+01,4.209184e-01
2.655000e+00,6.233522e-01,2.987915e+01,0.000000e+00,2.951662e+01,0.000000e+00,6.233522e-01,1.000000e+00,5.939577e+01,4.209054e-01
2.660000e+00,6.240602e-01,2.987952e+01,0.000000e+00,2.951807e+01,0.000000e+00,6.240602e-01,1.000000e+00,5.939759e+01,4.208925e-01
2.665000e+00,6.247655e-01,2.987988e+01,0.000000e+00,2.951952e+01,0.000000e+00,6.247655e-01,1.000000e+00,5.939940e+01,4.208797e-01
2.670000e+00,6.254682e-01,2.988024e+01,0.000000e+00,2.952096e+01,0.000000e+00,6.254682e-01,1.000000e+00,5.940120e+01,4.208669e-01
2.675000e+00,6.261682e-01,2.988060e+01,0.000000e+00,2.952239e+01,0.000000e+00,6.261682e-01,1.000000e+00,5.940299e+01,4.208543e-01
2.680000e+00,6.268657e-01,2.988095e+01,0.000000e+00,2.952381e+01,0.000000e+00,6.268657e-01,1.000000e+00,5.940476e+01,4.208417e-01
2.685000e+00,6.275605e-01,2.988131e+01,0.000000e+00,2.952522e+01,0.000000e+00,6.275605e-01,1.000000e+00,5.940653e+01,4.208292e-01
2.690000e+00,6.282528e-01,2.988166e+01,0.000000e+00,2.952663e+01,0.000000e+00,6.282528e-01,1.000000e+00,5.940828e+01,4.208167e-01
2.695000e+00,6.289425e-01,2.988201e+01,0.000000e+00,2.952802e+01,0.000000e+00,6.289425e-01,1.000000e+00,5.941003e+01,4.208044e-01
2.700000e+00,6.296296e-01,2.988235e+01,0.000000e+00,2.952941e+01,0.000000e+00,6.296296e-01,1.000000e+00,5.941176e+01,4.207921e-01
2.705000e+00,6.303142e-01,2.988270e+01,0.000000e+00,2.953079e+01,0.000000e+00,6.303142e-01,1.000000e+00,5.941349e+01,4.207799e-01
2.710000e+00,6.309963e-01,2.988304e+01,0.000000e+00,2.953216e+01,0.000000e+00,6.309963e-01,1.000000e+00,5.941520e+01,4.207677e-01
2.715000e+00,6.316759e-01,2.988338e+01,0.000000e+00,2.953353e+01,0.000000e+00,6.316759e-01,1.000000e+00,5.941691e+01,4.207556e-01
2.720000e+00,6.323529e-01,2.988372e+01,0.000000e+00,2.953488e+01,0.000000e+00,6.323529e-01,1.000000e+00,5.941860e+01,4.207436e-01
2.725000e+00,6.330275e-01,2.988406e+01,0.000000e+00,2.953623e+01,0.000000e+00,6.330275e-01,1.000000e+00,5.942029e+01,4.207317e-01
2.730000e+00,6.336996e-01,2.988439e+01,0.000000e+00,2.953757e+01,0.000000e+00,6.336996e-01,1.000000e+00,5.942197e+01,4.207198e-01
2.735000e+00,6.343693e-01,2.988473e+01,0.000000e+00,2.953890e+01,0.000000e+00,6.343693e-01,1.000000e+00,5.942363e+01,4.207081e-01
2.740000e+00,6.350365e-01,2.988506e+01,0.000000e+00,2.954023e+01,0.000000e+00,6.350365e-01,1.000000e+00,5.942529e+01,4.206963e-01
2.745000e+00,6.357013e-01,2.988539e+01,0.000000e+00,2.954155e+01,0.000000e+00,6.357013e-01,1.000000e+00,5.942693e+01,4.206847e-01
2.750000e+00,6.363636e-01,2.988571e+01,0.000000e+00,2.954286e+01,0.000000e+00,6.363636e-01,1.000000e+00,5.942857e+01,4.206731e-01
2.755000e+00,6.370236e-01,2.988604e+01,0.000000e+00,2.954416e+01,0.000000e+00,6.370236e-01,1.000000e+00,5.943020e+01,4.206616e-01
2.760000e+00,6.376812e-01,2.988636e+01,0.000000e+00,2.954545e+01,0.000000e+00,6.376812e-01,1.000000e+00,5.943182e+01,4.206501e-01
2.765000e+00,6.383363e-01,2.988669e+01,0.000000e+00,2.954674e+01,0.000000e+00,6.383363e-01,1.000000e+00,5.943343e+01,4.206387e-01
2.770000e+00,6.389892e-01,2.988701e+01,0.000000e+00,2.954802e+01,0.000000e+00,6.389892e-01,1.000000e+00,5.943503e+01,4.206274e-01
2.775000e+00,6.396396e-01,2.988732e+01,0.000000e+00,2.954930e+01,0.000000e+00,6.396396e-01,1.000000e+00,5.943662e+01,4.206161e-01
2.780000e+00,6.402878e-01,2.988764e+01,0.000000e+00,2.955056e+01,0.000000e+00,6.402878e-01,1.000000e+00,5.943820e+01,4.206049e-01
2.785000e+00,6.409336e-01,2.988796e+01,0.000000e+00,2.955182e+01,0.000000e+00,6.409336e-01,1.000000e+00,5.943978e+01,4.205938e-01
2.790000e+00,6.415771e-01,2.988827e+01,0.000000e+00,2.955307e+01,0.000000e+00,6.415771e-01,1.000000e+00,5.944134e+01,4.205827e-01
2.795000e+00,6.422182e-01,2.988858e+01,0.000000e+00,2.955432e+01,0.000000e+00,6.422182e-01,1.000000e+00,5.944290e+01,4.205717e-01
2.800000e+00,6.428571e-01,2.988889e+01,0.000000e+00,2.955556e+01,0.000000e+00,6.428571e-01,1.000000e+00,5.944444e+01,4.205607e-01
2.805000e+00,6.434938e-01,2.988920e+01,0.000000e+00,2.955679e+01,0.000000e+00,6.434938e-01,1.000000e+00,5.944598e+01,4.205499e-01
2.810000e+00,6.441281e-01,2.988950e+01,0.000000e+00,2.955801e+01,0.000000e+00,6.441281e-01,1.000000e+00,5.944751e+01,4.205390e-01
2.815000e+00,6.447602e-01,2.988981e+01,0.000000e+00,2.955923e+01,0.000000e+00,6.447602e-01,1.000000e+00,5.944904e+01,4.205283e-01
2.820000e+00,6.453901e-01,2.989011e+01,0.000000e+00,2.956044e+01,0.000000e+00,6.453901e-01,1.000000e+00,5.945055e+01,4.205176e-01
2.825000e+00,6.460177e-01,2.989041e+01,0.000000e+00,2.956164e+01,0.000000e+00,6.460177e-01,1.000000e+00,5.945205e+01,4.205069e-01
2.830000e+00,6.466431e-01,2.989071e+01,0.000000e+00,2.956284e+01,0.000000e+00,6.466431e-01,1.000000e+00,5.945355e+01,4.204963e-01
2.835000e+00,6.472663e-01,2.989101e+01,0.000000e+00,2.956403e+01,0.000000e+00,6.472663e-01,1.000000e+00,5.945504e+01,4.204858e-01
2.840000e+00,6.478873e-01,2.989130e+01,0.000000e+00,2.956522e+01,0.000000e+00,6.478873e-01,1.000000e+00,5.945652e+01,4.204753e-01
2.845000e+00,6.485062e-01,2.989160e+01,0.000000e+00,2.956640e+01,0.000000e+00,6.485062e-01,1.000000e+00,5.945799e+01,4.204649e-01
2.850000e+00,6.491228e-01,2.989189e+01,0.000000e+00,2.956757e+01,0.000000e+00,6.491228e-01,1.000000e+00,5.945946e+01,4.204545e-01
2.855000e+00,6.497373e-01,2.989218e+01,0.000000e+00,2.956873e+01,0.000000e+00,6.497373e-01,1.000000e+00,5.946092e+01,4.204442e-01
2.860000e+00,6.503497e-01,2.989247e+01,0.000000e+00,2.956989e+01,0.000000e+00,6.503497e-01,1.000000e+00,5.946237e+01,4.204340e-01
2.865000e+00,6.509599e-01,2.989276e+01,0.000000e+00,2.957105e+01,0.000000e+00,6.509599e-01,1.000000e+00,5.946381e+01,4.204238e-01
2.870000e+00,6.515679e-01,2.989305e+01,0.000000e+00,2.957219e+01,0.000000e+00,6.515679e-01,1.000000e+00,5.946524e+01,4.204137e-01
2.875000e+00,6.521739e-01,2.989333e+01,0.000000e+00,2.957333e+01,0.000000e+00,6.521739e-01,1.000000e+00,5.946667e+01,4.204036e-01
2.880000e+00,6.527778e-01,2.989362e+01,0.000000e+00,2.957447e+01,0.000000e+00,6.527778e-01,1.000000e+00,5.946809e+01,4.203936e-01
2.885000e+00,6.533795e-01,2.989390e+01,0.000000e+00,2.957560e+01,0.000000e+00,6.533795e-01,1.000000e+00,5.946950e+01,4.203836e-01
2.890000e+00,6.539792e-01,2.989418e+01,0.000000e+00,2.957672e+01,0.000000e+00,6.539792e-01,1.000000e+00,5.947090e+01,4.203737e-01
2.895000e+00,6.545769e-01,2.989446e+01,0.000000e+00,2.957784e+01,0.000000e+00,6.545769e-01,1.000000e+00,5.947230e+01,4.203638e-01
2.900000e+00,6.551724e-01,2.989474e+01,0.000000e+00,2.957895e+01,0.000000e+00,6.551724e-01,1.000000e+00,5.947368e+01,4.203540e-01
2.905000e+00,6.557659e-01,2.989501e+01,0.000000e+00,2.958005e+01,0.000000e+00,6.557659e-01,1.000000e+00,5.947507e+01,4.203442e-01
2.910000e+00,6.563574e-01,2.989529e+01,0.000000e+00,2.958115e+01,0.000000e+00,6.563574e-01,1.000000e+00,5.947644e+01,4.203345e-01
2.915000e+00,6.569468e-01,2.989556e+01,0.000000e+00,2.958225e+01,0.000000e+00,6.569468e-01,1.000000e+00,5.947781e+01,4.203248e-01
2.920000e+00,6.575342e-01,2.989583e+01,0.000000e+00,2.958333e+01,0.000000e+00,6.575342e-01,1.000000e+00,5.947917e+01,4.203152e-01
2.925000e+00,6.581197e-01,2.989610e+01,0.000000e+00,2.958442e+01,0.000000e+00,6.581197e-01,1.000000e+00,5.948052e+01,4.203057e-01
2.930000e+00,6.587031e-01,2.989637e+01,0.000000e+00,2.958549e+01,0.000000e+00,6.587031e-01,1.000000e+00,5.948187e+01,4.202962e-01
2.935000e+00,6.592845e-01,2.989664e+01,0.000000e+00,2.958656e+01,0.000000e+00,6.592845e-01,1.000000e+00,5.948320e+01,4.202867e-01
2.940000e+00,6.598639e-01,2.989691e+01,0.000000e+00,2.958763e+01,0.000000e+00,6.598639e-01,1.000000e+00,5.948454e+01,4.202773e-01
2.945000e+00,6.604414e-01,2.989717e+01,0.000000e+00,2.958869e+01,0.000000e+00,6.604414e-01,1.000000e+00,5.948586e+01,4.202679e-01
2.950000e+00,6.610169e-01,2.989744e+01,0.000000e+00,2.958974e+01,0.000000e+00,6.610169e-01,1.000000e+00,5.948718e+01,4.202586e-01
2.955000e+00,6.615905e-01,2.989770e+01,0.000000e+00,2.959079e+01,0.000000e+00,6.615905e-01,1.000000e+00,5.948849e+01,4.202494e-01
2.960000e+00,6.621622e-01,2.989796e+01,0.000000e+00,2.959184e+01,0.000000e+00,6.621622e-01,1.000000e+00,5.948980e+01,4.202401e-01
2.965000e+00,6.627319e-01,2.989822e+01,0.000000e+00,2.959288e+01,0.000000e+00,6.627319e-01,1.000000e+00,5.949109e+01,4.202310e-01
2.970000e+00,6.632997e-01,2.989848e+01,0.000000e+00,2.959391e+01,0.000000e+00,6.632997e-01,1.000000e+00,5.949239e+01,4.202218e-01
2.975000e+00,6.638655e-01,2.989873e+01,0.000000e+00,2.959494e+01,0.000000e+00,6.638655e-01,1.000000e+00,5.949367e+01,4.202128e-01
2.980000e+00,6.644295e-01,2.989899e+01,0.000000e+00,2.959596e+01,0.000000e+00,6.644295e-01,1.000000e+00,5.949495e+01,4.202037e-01
2.985000e+00,6.649916e-01,2.989924e+01,0.000000e+00,2.959698e+01,0.000000e+00,6.649916e-01,1.000000e+00,5.949622e+01,4.201948e-01
2.990000e+00,6.655518e-01,2.989950e+01,0.000000e+00,2.959799e+01,0.000000e+00,6.655518e-01,1.000000e+00,5.949749e+01,4.201858e-01
2.995000e+00,6.661102e-01,2.989975e+01,0.000000e+00,2.959900e+01,0.000000e+00,6.661102e-01,1.000000e+00,5.949875e+01,4.201769e-01
3.000000e+00,6.666667e-01,2.990000e+01,0.000000e+00,2.960000e+01,0.000000e+00,6.666667e-01,1.000000e+00,5.950000e+01,4.201681e-01
